Cust_ID,Emp_Status,Slope_Balance_6M,Slope_Income_6M,Slope_Expense_6M,Anomaly,Fees_Charges ,Mortgage_Mthly_Payment,Car_Mthly_Payment,Loan_Late_Payment,CC_Mthly_Payment,CC_Annual_Fee,CC_Outstanding,CC_Late_Payment,Subscriptions_Count,Flag_Negative_Bal_Months,HH_Amount,Others_Amount
100011,Non-working,-441.6605714,-3912.310857,-3134.786571,0,14.57142857,3337.43,,No,,,,,,0,,
100012,Working,1140.641429,-43.32628571,11.75085714,0,17.85714286,,,,,,,,4,0,,
100013,Unknown,3502.731429,1997.372286,560.88,0,7.657142857,,,,,,,,,0,,
100014,Retired,60473.14914,-199.484,1341.280571,0,-5.257142857,,,,110088,89.81,47301,No,,6,,
100015,Working,-150.3222857,1334.580857,1242.962857,1,9.542857143,,,,73190,0,14793,Yes,,0,,
100017,Student,2830.736571,1799.457429,556.6782857,0,4.885714286,,,,50007,72.96,62995,Yes,,0,,
100019,Retired,1543.424286,3804.166286,1400.642,0,-19.94285714,,4437.43,No,,,,,4,0,,
100020,Student,1694.959714,-755.762,238.9754286,0,1.171428571,,,,,,,,,0,,
100022,Working,6318.111429,175.7788571,-939.0537143,0,-18.02857143,,,,104805,174.26,118263,Yes,6,,,
100023,Retired,3057.474857,-213.7371429,1929.878,0,19.11428571,,,,,,,,7,,,
100025,Unknown,-1526.384,-4995.022,-2895.444857,0,-7.857142857,,,,79984,0,33601,Yes,,0,,
100026,Non-working,7270.987143,-61.47885714,-674.732,0,10.48571429,,,,159471,77.61,18018,Yes,,,,
100028,Retired,56740.256,7413.492857,6484.891143,0,-11.68571429,,,,211625,182.6,209809,Yes,,0,,
100029,Unknown,1707.356857,-580.8237143,-84.42228571,0,-15,,,,,,,,2,0,,
100030,Non-working,1505.033714,1764.794571,-387.9188571,0,-20.94285714,,,,,,,,1,0,,
100031,Non-working,57653.23314,4059.316857,699.7705714,0,-20.42857143,,,,,,,,,,,
100032,Retired,617.2525714,-1946.810857,-1796.362,0,-12.51428571,,,,,,,,,0,,
100033,Student,45527.72514,460.6754286,-1306.123143,0,13.14285714,,,,139425,51.69,75246,No,2,0,,
100034,Unknown,2106.471714,376.8948571,278.2142857,0,12.02857143,,,,,,,,3,0,,
100035,Unknown,1033.090286,942.3182857,1914.283714,0,5.828571429,,,,208444,112.83,255019,Yes,,,,
100036,Non-working,5926.881429,1970.267714,1517.276857,0,-10.88571429,,,,,,,,,0,,
100037,Student,12662.31371,1503.045143,1894.462571,0,-4.342857143,3399.4,,Yes,,,,,,,,
100038,Retired,125636.6154,2333.083429,4383.293143,0,32.17142857,,,,3744,0,73948,Yes,,0,,
100039,Student,-263.6728571,-397.2748571,-244.5762857,0,2.142857143,,,,,,,,,5,,
100040,Unknown,-2747.450571,-265.2365714,-45.36942857,0,-1.914285714,,,,28173,0,11830,Yes,,0,,
100041,Retired,-1978.202,-2472.481429,-558.018,0,21.31428571,,,,,,,,2,0,,
100042,Non-working,63111.91943,1356.629714,2800.381429,0,30.74285714,,,,107824,121.01,73912,Yes,,0,,
100043,Retired,2266.039143,-682.9285714,-1039.783143,0,0.6,,,,,,,,,,,
100044,Working,237.2605714,1176.126,135.2008571,0,-38.97142857,,3842.63,No,,,,,9,0,,
100045,Unknown,112538.34,4319.653429,5520.223429,0,-17.45714286,,,,,,,,,0,1267.51,1762.36
100046,Unknown,2733.320857,2137.130286,2042.233714,0,12.11428571,,,,,,,,,,,
100048,Student,45291.06143,298.5874286,732.1417143,0,-10.62857143,,,,,,,,,0,,
100049,Working,-418.3534286,-5885.977429,-4651.972857,0,24.65714286,,,,82964,72.95,80242,Yes,,0,,
100050,Non-working,-1749.770286,-417.0548571,820.3402857,1,15.17142857,,,,,,,,,0,,
100051,Retired,53432.05457,103.0265714,684.3342857,0,-9.142857143,,,,104594,30.43,164324,No,4,0,,
100052,Student,51245.56543,837.7122857,1018.677143,0,-10.51428571,,,,200132,81.2,120619,Yes,,0,,
100053,Student,1902.979714,-1224.366286,-2901.474857,0,38.14285714,,,,,,,,3,0,,
100054,Non-working,59084.72143,3728.283429,391.6885714,0,-30.77142857,,,,88795,62.39,176153,Yes,,0,,
100055,Non-working,-1220.163714,-4009.396286,-3496.343143,0,6.542857143,,,,309077,308.86,329002,Yes,,6,,
100056,Working,8609.716857,-3420.313143,-2522.445429,0,3.342857143,,,,,,,,,0,,
100057,Unknown,-1077.276,-2910.541143,-1815.130571,0,-8.428571429,,,,,,,,,0,,
100058,Student,6096.004286,-1061.554,-47.70228571,0,-28.34285714,,,,121931,85.28,176831,Yes,,0,,
100059,Working,3567.108857,2657.964857,1241.662857,0,-14.94285714,,,,,,,,3,0,,
100060,Non-working,15422.89257,1650.008,3916.977714,0,-28.77142857,,,,14877,0,55982,No,,0,,
100061,Non-working,28486.58771,3478.640286,-2699.647143,0,28.37142857,,,,172958,147.42,294269,No,,0,,
100062,Working,-452.7122857,847.2471429,618.5365714,1,14.85714286,,,,104805,125.76,118263,No,6,,,
100063,Unknown,105326.1383,1829.849714,3361.451429,0,-4.6,,,,,,,,4,0,,
100064,Retired,45882.84629,6518.408,3924.566571,0,-17.91428571,,,,,,,,,0,,
100065,Working,-2306.704857,-1033.577143,-2925.854571,0,-23.71428571,,,,62187,68.5,95445,No,8,0,,
100066,Unknown,2530.305143,-738.6308571,-336.0602857,0,45.54285714,4491.06,,Yes,54096,0,39051,No,2,0,,
100067,Student,8514.586286,-1915.847429,-369.1568571,0,-2.828571429,4017.02,,Yes,,,,,,0,,
100068,Non-working,1650.538857,-1093.868,-1307.732571,0,0.114285714,,,,21844,64.75,55417,No,,0,,
100069,Retired,1486.247429,2314.572286,1188.445429,0,9.971428571,,,,65885,0,13948,Yes,,0,,
100070,Student,-564.4197143,-565.4082857,-1971.610286,0,5.171428571,,,,,,,,,0,,
100072,Working,1001.177714,-972.6528571,-1644.175143,0,-19.74285714,,,,,,,,5,,,
100074,Retired,68961.35629,2588.111714,3900.517714,0,-17.88571429,,,,,,,,,0,,
100075,Unknown,-1952.988857,-2313.427143,-1829.453143,0,-12.11428571,,,,,,,,2,,,
100076,Non-working,30373.97171,-3502.377714,-497.7948571,0,-2.6,,,,,,,,,0,,
100077,Student,35640.162,182.8537143,1260.309429,0,-18.94285714,,,,9608,71.42,95140,No,5,0,,
100078,Retired,-580.9631429,-2543.623714,-2352.708,0,7.085714286,,,,,,,,3,0,,
100079,Unknown,36747.028,-48.42314286,-343.2728571,0,-1,5158.66,,Yes,74724,37.35,80778,Yes,1,0,,
100080,Non-working,4315.272857,884.814,2260.741714,0,-18.37142857,,,,44025,0,64037,Yes,,,,
100081,Non-working,121.214,-2896.501714,-3076.725143,0,-28.74285714,,,,,,,,,0,,
100082,Retired,2212.754286,-2437.949143,-1987.013429,0,-8.857142857,,,,,,,,,0,,
100083,Student,3837.866286,-1906.964571,149.1802857,0,-17.05714286,,,,101182,54.75,51228,No,,0,,
100084,Unknown,1369.815143,-1216.113429,-1408.773714,0,-10.48571429,,4303.46,No,,,,,8,0,,
100085,Unknown,789.7631429,-426.2322857,-46.25885714,0,31.6,,,,,,,,,0,,
100086,Non-working,820.3414286,2422.885143,1985.497714,0,-6.514285714,,,,19996,26.27,22875,No,,,,
100087,Student,5292.674857,-3906.418571,-2055.738,0,11.11428571,,,,58834,75.4,94785,Yes,,0,,
100089,Student,-22.50657143,-3214.225143,-1809.638,0,-7.142857143,,,,,,,,,0,,
100090,Unknown,2081.307143,734.7717143,-2213.456571,0,-3.857142857,,,,,,,,,0,,
100091,Retired,3745.796571,-79.75514286,491.5045714,0,-3.4,,,,,,,,,,,
100092,Non-working,-1400.520286,-879.8971429,2243.346571,1,15.02857143,,,,170656,74.21,219605,Yes,,,,
100093,Retired,6355.151143,-3786.828571,-2452.360286,0,1.685714286,,,,,,,,,0,,
100094,Working,621.344,-2771.156,-528.2162857,0,-6.771428571,,,,,,,,,0,,
100095,Unknown,60006.60914,4225.38,5470.528857,0,20.37142857,,,,,,,,,0,,
100096,Unknown,7889.830571,-4890.148,-4626.741143,0,14.05714286,,,,,,,,1,0,,
100097,Non-working,55671.63429,1735.836571,639.31,0,-22.48571429,,,,,,,,,,,
100098,Student,4153.412286,548.1494286,1001.619714,0,-20.62857143,,,,90721,0,68532,Yes,,0,,
100099,Working,-1758.407429,-110.4957143,473.5488571,1,-9.742857143,,,,136630,51.34,161681,No,,,,
100100,Non-working,7948.958571,-1127.559714,-3610.086,0,14.71428571,,,,,,,,,0,,
100101,Non-working,71496.43486,-1382.836857,-1648.035429,0,16.37142857,,,,,,,,,0,,
100102,Student,51717.41886,4347.308,1561.479143,0,19.97142857,,,,32245,0,1530,No,,,,
100103,Non-working,-255.3254286,-3477.474,-3180.600286,0,2.085714286,,,,,,,,,0,,
100105,Non-working,3333.474286,1871.254,2480.254,0,15.82857143,,,,,,,,,,,
100106,Working,-2761.543714,-3800.643143,-2610.996857,0,18.65714286,,,,,,,,,,,
100107,Working,-2629.855429,-1060.336286,-2087.849143,0,10.8,,,,,,,,,0,,
100108,Working,-1621.536857,1044.058571,1273.335429,1,4.485714286,,,,,,,,,0,,
100109,Working,-580.522,-1436.296857,1467.329714,1,-13.17142857,,,,,,,,,6,,
100111,Non-working,2481.373429,-182.9925714,2059.285429,0,-1.685714286,,,,35060,0,58471,No,,,,
100112,Retired,5999.026286,1126.093429,424.3797143,0,-2.228571429,,,,43823,66.33,74323,No,,0,,
100113,Working,-1788.012,-1676.972,-2231.304571,0,2.8,,,,,,,,,0,,
100114,Non-working,53325.926,2004.981714,4737.999429,0,33.28571429,,,,9608,85.15,95140,No,,,,
100115,Working,4011.791714,-2816.918,-1829.705143,0,14.17142857,4064.98,,Yes,96166,112.65,160250,Yes,1,0,,
100116,Retired,6883.516,2402.142286,981.1068571,0,2.285714286,,5985.11,No,,,,,,0,,
100117,Non-working,1945.849143,-2692.58,-1070.892,0,-20.77142857,,,,,,,,2,,,
100118,Retired,47111.43629,-2660.477429,-1213.806,0,10.22857143,,,,,,,,3,0,,
100119,Unknown,-149.0777143,-447.9854286,-112.874,0,17.08571429,,,,,,,,,0,,
100120,Non-working,2298.517714,-1088.721143,292.2748571,0,-36.71428571,,,,,,,,8,0,,
100121,Non-working,6096.833143,1969.689143,1149.018857,0,2.514285714,,,,137544,137.88,214908,No,,,,
100122,Unknown,1313.756571,-1663.865429,-967.7391429,0,-3.171428571,4141.84,,Yes,,,,,,,,
100123,Working,-320.61,1757.686286,1523.797143,1,3.542857143,,,,165064,0,142000,No,1,4,,
100124,Working,39124.64029,1609.540571,2773.932571,0,10.94285714,,,,,,,,,0,,
100125,Unknown,-2845.407143,-1854.717143,-931.302,0,-5.085714286,,,,,,,,,,,
100126,Retired,2633.392857,-5494.788286,-2165.522857,0,-32.14285714,,4113.88,Yes,93369,0,80697,Yes,,0,,
100127,Non-working,-5715.033714,-1940.571429,-3001.662,0,27.51428571,3029.33,,No,58834,63.92,94785,No,,0,,
100128,Student,5238.03,-2337.856571,-3682.065714,0,1.971428571,,,,,,,,,0,,
100129,Retired,3874.315429,-1812.942,-65.424,0,-4.4,,,,31311,0,44607,Yes,5,0,,
100130,Retired,32105.84143,576.5182857,1670.721143,0,3.6,,,,87012,79.2,5919,No,,0,,
100131,Non-working,63592.92029,1349.318857,3432.957714,0,-10.17142857,,,,,,,,,0,,
100133,Retired,62068.03,1431.32,-881.5834286,0,6.828571429,,,,19991,0,85788,No,,,,
100135,Student,-1341.670857,-779.4322857,-493.3777143,0,-10.05714286,,,,,,,,1,0,,
100136,Working,7506.623429,-6196.108571,-5860.27,0,-19.85714286,,,,242835,51.17,166798,No,,,1218.04,1632.22
100137,Retired,5574.599429,1761.555714,4581.842,0,43.2,,4866.76,Yes,,,,,,0,,
100138,Unknown,1424.032857,-1391.877143,-1899.612857,0,0.085714286,,,,,,,,,0,,
100139,Retired,1416.910571,1307.092857,823.4965714,0,-0.542857143,,,,24578,0,70905,No,,0,,
100140,Student,-1334.466857,356.9102857,-71.11942857,0,-26.14285714,,,,,,,,,0,,
100141,Student,3716.257429,-4179.998286,-4715.9,0,0.714285714,,,,,,,,7,0,,
100142,Unknown,-693.3842857,-3174.655714,-4861.914286,0,-12.62857143,,,,,,,,,,,
100143,Non-working,-994.3485714,193.2565714,-244.39,0,-9.657142857,,,,,,,,5,0,,
100144,Retired,-1566.700571,-18.842,2998.633429,1,-23.22857143,,,,,,,,,0,,
100145,Student,39237.35943,-1961.538286,1064.902286,0,27.51428571,,,,,,,,,0,,
100146,Non-working,-482.4062857,-2540.998857,-1281.264571,0,7.142857143,,,,,,,,,0,,
100147,Working,-1416.295714,-772.1977143,320.6305714,1,3.314285714,,,,,,,,,0,,
100148,Retired,-162.0694286,1601.034571,-246.6128571,0,-15.51428571,,,,19352,0,91743,Yes,,,,
100149,Working,1721.334,-203.8014286,-818.0725714,0,8.457142857,,7163.26,Yes,,,,,,,,
100150,Student,4432.104,-3382.434286,-5448.592286,0,-11.85714286,,,,,,,,,0,,
100151,Non-working,4113.660571,1130.483714,1817.049143,0,37.88571429,,,,,,,,,4,,
100152,Working,-648.1685714,-695.7342857,-1232.765429,0,-49.22857143,2107.39,,Yes,,,,,,0,,
100153,Working,4804.066571,949.8642857,-1024.634571,0,9.771428571,,,,,,,,,,,
100154,Non-working,54072.29657,8933.467429,8596.486286,0,-6.8,,,,,,,,,0,,
100155,Working,5900.558286,-833.6334286,3544.407143,0,-17.77142857,,,,,,,,3,0,,
100156,Working,2554.397143,2606.710286,742.0688571,0,13.22857143,,3496.17,No,,,,,,0,,
100157,Non-working,1106.922571,-1528.657429,-1558.698571,0,37.94285714,,,,26597,60.41,161327,Yes,,0,,
100158,Non-working,45598.20457,2277.124571,1357.911714,0,1.457142857,,,,,,,,,5,,
100159,Student,-3130.995714,-4678.666,-2900.846286,0,-15.05714286,,,,,,,,,0,,
100160,Unknown,204.3891429,2331.018286,1469.742857,0,-9.571428571,,,,122722,43.2,220509,No,,0,,
100161,Working,-240.4491429,-1815.042,604.3417143,1,-16.51428571,,,,3928,43.78,44565,Yes,,0,,
100162,Working,67811.804,3191.516571,3760.073429,0,20.85714286,,,,72195,137.29,28054,No,1,0,675.27,1350.54
100163,Working,630.618,14.98514286,-204.858,0,-20,,,,71663,58.54,73437,Yes,,0,,
100164,Unknown,-5437.961714,-2632.489714,-125.9337143,0,16.88571429,,,,55625,61.23,129083,No,,,,
100165,Student,16.62228571,-2032.052,-725.7802857,0,-7.714285714,,,,,,,,,,,
100166,Unknown,35558.55486,-4114.953429,-76.55542857,0,-44.34285714,,,,109830,44.91,80009,Yes,,0,,
100167,Working,1440.191714,-106.5925714,-240.9574286,0,-12.94285714,,,,,,,,1,0,,
100168,Student,34878.71514,-202.0205714,326.0034286,0,9.4,,,,29563,29.43,37324,No,,0,,
100169,Student,1534.953143,-1199.690857,-1694.463429,0,-5.542857143,,,,,,,,,0,,
100170,Unknown,25366.77829,752.8825714,-1249.316286,0,5.257142857,,,,,,,,1,0,,
100171,Non-working,-488.3351429,-1419.823714,-1787.386,0,6.371428571,,,,,,,,,0,,
100172,Retired,67252.30086,2153.907714,4357.609714,0,11.34285714,,,,322813,123.76,270149,No,,0,,
100173,Non-working,28282.11257,-5066.036,-2065.368857,0,9.314285714,,,,77783,0,73767,Yes,,0,,
100174,Retired,2423.64,-388.3668571,1103.461714,0,-14.4,2999.31,,No,,,,,,,538.39,905.57
100175,Unknown,-2389.611429,445.5165714,-1478.819429,0,27.02857143,,,,,,,,2,6,,
100176,Retired,1440.205714,175.2662857,-189.6965714,0,-8.171428571,,,,16607,49.36,7146,Yes,2,0,,
100177,Unknown,576.1442857,258.0897143,617.3602857,0,-5.857142857,,,,59675,61.42,28131,Yes,,,,
100178,Unknown,2779.030571,340.0245714,3756.544857,0,15.37142857,,,,,,,,,0,1943.15,1943.15
100179,Student,2302.471143,-4078.814286,-2984.892286,0,35.02857143,,,,,,,,,0,,
100180,Working,47575.87257,2352.762286,4463.854286,0,13.71428571,,,,136630,40.72,161681,No,,0,2974.72,2730.03
100181,Retired,92855.908,338.1871429,-288.3111429,0,16.71428571,,,,,,,,2,0,1475.26,2942.36
100182,Unknown,-143.4468571,-226.4874286,243.8871429,1,6.342857143,,,,14877,0,55982,No,,0,,
100183,Student,79130.22343,755.4331429,543.4885714,0,3.885714286,,,,31311,0,44607,No,5,0,,
100184,Non-working,4201.158,2543.429429,4257.298,0,-1.685714286,,,,,,,,,0,1479.35,2105.01
100185,Retired,6005.656286,2477.011714,2162.407429,0,-51.28571429,,,,204217,148.63,129108,Yes,,,,
100186,Student,-795.3282857,-1464.632,-1582.264,0,9.628571429,,,,,,,,,0,,
100187,Working,-914.2888571,-602.9371429,520.902,1,-9.371428571,,,,,,,,1,,,
100188,Student,171.0214286,919.4714286,1096.229143,0,26,,,,7482,0,84359,Yes,3,0,,
100189,Retired,-3596.467143,-1958.872286,-1038.868,0,17.28571429,,,,77783,0,73767,No,,,,
100190,Working,-7393.746,-3182.446286,-1987.670571,0,9.714285714,,,,,,,,,6,,
100191,Unknown,50528.22771,5837.619143,6075.607429,0,-38.28571429,,,,62240,64.26,142316,No,,0,,
100192,Non-working,69119.108,3158.817714,4354.364857,0,-9.371428571,,,,,,,,,0,,
100193,Unknown,27317.37543,213.2902857,-302.6388571,0,11.77142857,,,,,,,,1,0,,
100194,Working,-900.5791429,-1610.183714,-2065.135429,0,-24.2,,,,,,,,,,,
100195,Student,2356.149429,600.8885714,-1194.952857,0,-38.85714286,,,,,,,,,0,,
100196,Retired,651.6708571,-3921.059143,-1316.681143,0,-14.11428571,,,,72195,97.47,28054,Yes,1,0,,
100197,Non-working,2439.960857,-389.8322857,-541.6588571,0,7.542857143,,,,,,,,,0,,
100198,Retired,93227.13429,6697.491143,4100.495429,0,6.171428571,,,,,,,,,0,,
100199,Retired,5232.912571,3601.232857,1759.475714,0,-8.142857143,,,,,,,,,3,,
100200,Retired,1186.285143,369.718,-1715.555143,0,16.42857143,4789.02,,Yes,74724,50.54,80778,Yes,,0,,
100201,Retired,28327.53943,2199.672,835.4714286,0,17.17142857,,,,83334,60.57,175092,Yes,,0,,
100202,Student,2825.433714,3783.900857,1174.898286,0,21.25714286,,,,281438,143.14,276272,No,,4,,
100203,Student,-685.4514286,-1651.838857,-1929.368286,0,-11.17142857,,,,,,,,,,,
100204,Non-working,3928.17,1481.408,4613.702857,0,33.08571429,,,,,,,,,0,,
100205,Non-working,652.3802857,278.2017143,-997.8805714,0,-29.94285714,,,,,,,,,,,
100206,Working,1254.061429,-1291.202,-1555.558,0,-53,,,,,,,,,,,
100207,Unknown,-190.6077143,2259.099429,-185.0517143,0,-2.942857143,,,,125240,143.98,232269,Yes,,0,,
100208,Student,28979.346,-2462.312571,-6.405142857,0,6.428571429,,,,,,,,,0,,
100209,Working,3377.228,809.3288571,672.0297143,0,4.085714286,,,,,,,,,0,,
100210,Non-working,125654.6843,-614.232,767.5991429,0,20.8,,,,132141,136.78,42427,No,3,0,,
100211,Non-working,43704.67514,2761.876,9.191428571,0,-21.22857143,,,,,,,,,0,,
100212,Working,1273.113143,-641.7522857,-696.2697143,0,-8.085714286,,,,,,,,,,,
100213,Unknown,99698.28171,5907.377429,3815.391714,0,-26.42857143,,,,51303,54.43,46291,Yes,,0,,
100214,Retired,51298.71057,-1742.164,-1784.652,0,-5.771428571,,,,,,,,1,0,,
100215,Working,4080.308286,-1363.114857,-2163.928571,0,-16.48571429,,,,,,,,,0,,
100216,Unknown,-2630.492,-877.1742857,348.8222857,1,20.51428571,,,,,,,,,0,,
100217,Student,3422.620857,1372.445429,-325.158,0,-30.82857143,,,,54899,0,122656,Yes,,0,,
100218,Non-working,1654.597429,-50.074,242.3488571,0,0.714285714,,,,,,,,3,0,,
100219,Retired,64709.04543,1576.402571,1168.444,0,-15.65714286,,,,,,,,,0,,
100220,Student,2305.440571,-5218.816571,-3639.021143,0,-11.6,,,,,,,,1,0,,
100222,Working,-465.9148571,-104.024,77.88171429,1,10.05714286,,,,,,,,,0,,
100224,Retired,51760.94029,1238.467714,-569.6408571,0,8.228571429,,,,,,,,,0,,
100225,Unknown,924.0428571,4.382285714,-138.1577143,0,36.94285714,,,,,,,,3,0,,
100226,Non-working,5477.728286,-502.672,-3251.178,0,3.2,,,,,,,,,,,
100227,Student,31254.37286,-569.1034286,-164.7557143,0,11.08571429,,,,81818,136.25,91925,No,1,0,,
100228,Retired,1235.971143,286.6951429,-3.254857143,0,-30.28571429,,,,5057,54.17,71103,No,,0,,
100229,Unknown,60917.038,-360.5708571,-237.9748571,0,-31.14285714,,,,,,,,,0,,
100230,Non-working,-2588.058286,1728.123714,196.4602857,1,-0.228571429,,9791.72,No,,,,,,0,,
100231,Non-working,2096.062857,1670.48,-1793.953429,0,-0.428571429,,,,114322,69.02,148483,Yes,,0,,
100232,Retired,-1755.370857,202.7568571,-5520.041143,0,2.657142857,,,,,,,,,0,,
100233,Student,-2487.876857,-6168.919429,-1669.076,0,25.17142857,,,,,,,,6,0,,
100234,Unknown,802.4171429,2459.890571,2027.692,0,-0.171428571,,,,9608,85.95,95140,No,,,,
100235,Unknown,-1895.201429,-3140.169429,-1578.942,0,13,,,,,,,,,6,,
100236,Non-working,8557.445143,-2900.144571,-2086.172571,0,-8.171428571,,,,181788,58.99,75103,No,,4,,
100237,Student,4238.187714,929.2785714,-745.902,0,-7.971428571,,,,,,,,5,,,
100239,Student,-756.1325714,653.9742857,-228.0948571,0,3.114285714,,,,,,,,1,0,,
100240,Unknown,2347.63,-1543.295429,2248.467714,0,-22.51428571,,,,,,,,,,,
100241,Retired,7639.252,-1285.121143,-4530.361429,0,-9.371428571,,,,,,,,2,0,,
100242,Non-working,6800.949143,-1156.078571,-660.5371429,0,-30.37142857,,,,,,,,,,,
100243,Retired,-1974.497714,-1266.185143,-509.0605714,0,-18.6,,,,,,,,1,0,1112.11,2224.22
100244,Working,3262.103143,-313.8971429,660.2234286,0,-16.14285714,,,,125868,49.64,100412,Yes,,,,
100245,Unknown,70047.124,4720.917714,2191.859429,0,7.771428571,,,,62375,0,134406,Yes,,,,
100246,Unknown,-5441.789143,-2094.025143,-927.2708571,0,19.14285714,,,,,,,,,,,
100247,Non-working,30716.90114,102.4631429,380.7708571,0,-10.2,,,,,,,,,0,,
100248,Student,1885.344857,172.6385714,1245.358286,0,39.4,,,,,,,,,0,,
100249,Working,-787.0402857,-1604.072286,-281.8062857,0,-9.371428571,1471.34,,No,,,,,,0,,
100250,Non-working,8312.188,458.0771429,-636.196,0,-8.371428571,,,,236470,204.03,263045,Yes,,0,70.98,70.98
100251,Non-working,8291.528286,3859.932,1934.729429,0,-0.971428571,,4619.37,No,,,,,,,,
100252,Student,76542.15114,5757.807714,3676.711143,0,-6.6,,3886.88,Yes,,,,,6,0,,
100253,Non-working,1804.611429,1025.951429,-415.3791429,0,-15.54285714,,,,76598,0,9578,Yes,,0,,
100255,Non-working,36962.24886,3908.412857,2292.605143,0,9.314285714,,,,165064,0,142000,No,,,,
100256,Working,5731.606,-787.6314286,-797.3368571,0,-6.514285714,,,,24578,0,70905,No,6,,,
100257,Working,-2492.286,-2483.9,1131.339143,1,-4.914285714,,,,16607,96.64,7146,Yes,,,561.41,1157.24
100258,Working,48029.282,-2.139428571,-928.2717143,0,14.85714286,,,,86150,80.39,92814,Yes,1,,,
100259,Working,-3291.121714,125.9705714,-390.5231429,0,-19.42857143,,,,,,,,,0,572.24,286.12
100261,Non-working,-375.0497143,-3682.488,4.138,1,-31.65714286,,,,170656,57.06,219605,Yes,3,0,,
100262,Retired,2208.948286,1501.022571,2072.183143,0,-23.45714286,,,,,,,,3,,,
100263,Working,3246.339143,-525.5737143,-861.9928571,0,-3.885714286,,,,32245,0,1530,Yes,,,,
100264,Non-working,32288.13629,515.5642857,-276.564,0,-16.31428571,,,,202572,213.24,211528,No,,0,,
100265,Working,-121.1962857,-4201.038571,-778.5585714,0,36.6,,,,,,,,2,,,
100266,Retired,52875.01514,-378.5668571,-287.532,0,-23.74285714,,,,,,,,,,177.64,375.76
100267,Non-working,-2795.75,-1253.066571,-1460.803143,0,8.457142857,,,,,,,,1,0,,
100268,Retired,-4142.048857,2724.228,4384.071143,1,31.37142857,,,,112171,93.29,83410,Yes,,0,,
100269,Unknown,57381.088,975.7665714,-219.8108571,0,-1.4,,,,,,,,,0,,
100270,Non-working,2216.642,-20.38428571,-2793.166571,0,-15.08571429,,,,,,,,1,0,,
100271,Non-working,48876.29486,-363.6708571,297.7162857,0,-7.257142857,,,,79016,55.62,24296,No,,0,,
100272,Unknown,-2650.082286,-831.9057143,2243.350571,1,-5.628571429,,2891.06,Yes,,,,,1,,,
100273,Working,3086.807143,-3570.755143,-1263.379429,0,-5.314285714,,,,106652,47.21,69346,Yes,4,0,,
100274,Working,-22812.69086,-2202.980857,294.3771429,1,8.685714286,,,,,,,,,0,,
100275,Unknown,-3632.675143,-1731.970571,-408.9491429,0,-1.342857143,,,,,,,,,0,,
100276,Retired,3022.993429,-304.8551429,-1571.090571,0,0.428571429,,,,,,,,,,196.06,288.05
100277,Non-working,5468.565714,-751.6348571,-980.5931429,0,19.68571429,,,,,,,,2,,,
100278,Student,-11414.84114,-716.714,-739.7234286,0,-9.628571429,,,,,,,,,,,
100279,Retired,28678.93143,-938.7871429,-284.388,0,-18.48571429,,,,,,,,,,57.27,55.71
100280,Retired,4516.406286,1314.920286,578.5754286,0,-1.085714286,,,,,,,,,6,,
100281,Non-working,29249.07029,4370.988286,4700.329143,0,16.54285714,,,,93186,54.18,37668,Yes,,0,,
100283,Retired,48879.38714,5282.370286,2636.73,0,27.2,,,,,,,,,,,
100285,Student,5498.856571,498.8625714,1918.996286,0,-11.68571429,,,,56293,78.15,35004,Yes,,,,
100286,Working,-2939.374571,-3677.186286,-4114.134286,0,21.4,,,,130901,66.65,32716,Yes,,0,,
100287,Retired,9856.472571,2771.567429,4278.542571,0,14.37142857,,,,125709,42.99,150638,No,,0,,
100288,Unknown,-1258.499714,-1118.032571,325.7985714,1,-8.285714286,,3684.06,No,,,,,8,0,,
100289,Retired,-988.36,-1566.896571,-949.9894286,0,-7,,,,,,,,5,,,
100290,Student,530.3531429,-1432.227429,-1105.456857,0,8.314285714,,,,,,,,,6,,
100291,Student,-167.1837143,-1077.584,-213.2302857,0,-1.971428571,,,,,,,,,6,,
100292,Unknown,310.5108571,1543.360857,2224.605714,0,-20.28571429,,2045.79,No,,,,,,,,
100293,Non-working,4496.224857,972.9497143,-1394.492857,0,-29.25714286,2964.3,,No,1713,48.6,46696,No,,0,,
100294,Retired,-671.1868571,-227.3242857,445.1714286,1,5.371428571,,,,124194,184.28,24183,Yes,,0,,
100295,Student,-1443.075143,-1002.300857,-2193.926571,0,-1.628571429,,,,,,,,1,0,,
100296,Non-working,-76.82514286,-632.7668571,-435.3628571,0,-6.514285714,,,,172958,203.44,294269,Yes,,0,1020.16,1020.16
100297,Working,3747.166857,-1093.292571,-2067.814286,0,2.428571429,,,,,,,,,,,
100298,Retired,2398.619143,4418.324571,2923.875143,0,45.62857143,,,,20884,34.07,84047,No,,,,
100299,Working,-1307.382286,-587.9834286,-207.6765714,0,4.571428571,,,,,,,,,0,,
100300,Student,6163.665429,1544.164857,1804.406,0,39.91428571,,,,,,,,,0,,
100301,Non-working,32826.52629,2495.161714,2197.815714,0,16.62857143,,,,,,,,,,,
100302,Working,-21.42571429,1053.722,579.8994286,1,-9.114285714,,,,,,,,,0,,
100303,Working,3668.512286,-632.6194286,-1326.752286,0,14.37142857,,,,,,,,,0,,
100304,Non-working,46633.25971,5714.500857,4671.989714,0,34.42857143,,,,,,,,,0,,
100305,Working,51286.294,1576.776286,2705.139143,0,-31.22857143,,,,,,,,,,,
100306,Working,-2121.611143,782.1182857,3500.247714,1,29.94285714,,,,,,,,4,0,2699.66,4080.05
100307,Non-working,-711.4685714,205.4597143,353.69,1,10.08571429,,,,,,,,,0,,
100308,Non-working,5086.724,-1260.994,-1998.185429,0,4.8,,,,,,,,,,,
100309,Student,2693.814286,-4418.276,-3413.462286,0,10.6,,,,88935,101.27,16771,No,,0,,
100310,Unknown,63964.12543,-3835.814857,-2667.91,0,-25.97142857,,,,,,,,,0,,
100311,Working,3769.402,401.2054286,-527.2945714,0,33.05714286,,,,111235,0,153151,No,3,0,,
100312,Working,5383.852,5595.328286,4227.176,0,-18.62857143,,,,,,,,,0,815.13,815.13
100313,Working,329.0985714,-777.1251429,-726.3548571,0,11,3914.21,,Yes,54096,0,39051,No,,,,
100314,Unknown,1937.555143,-2159.987714,1630.206857,0,-6.428571429,,,,,,,,,,,
100317,Working,-1544.785143,-1049.270286,-492.152,0,3.742857143,,,,,,,,,0,,
100318,Student,23454.13257,821.2034286,1781.397143,0,21.77142857,,,,,,,,,0,,
100319,Student,2431.183714,2362.670571,874.2717143,0,15.71428571,,,,,,,,,0,,
100320,Unknown,15627.78857,1461.933429,874.8071429,0,-27.8,,,,,,,,1,,,
100321,Non-working,3251.196857,717.6642857,144.3054286,0,-2.971428571,,,,,,,,2,0,,
100322,Retired,101987.5829,2179.564857,3475.731143,0,-13.45714286,,,,93054,0,46956,Yes,,0,,
100323,Non-working,-737.508,-2971.78,809.1991429,1,-0.171428571,,,,,,,,,0,,
100324,Retired,1404.270857,-1063.570571,691.4348571,0,13.68571429,,,,,,,,1,0,,
100325,Unknown,1865.672,1748.784286,373.89,0,33,,,,,,,,,0,,
100326,Retired,31288.89429,2119.913429,784.9677143,0,25.22857143,,3592.23,Yes,,,,,,0,,
100327,Unknown,1754.028857,-981.2945714,-4194.540571,0,1.828571429,,3397.98,No,,,,,,0,,
100328,Unknown,3234.829714,-4013.681714,-2717.226571,0,-4.171428571,3621.88,,No,,,,,1,0,,
100329,Student,5533.011429,-1346.098286,343.2385714,0,-31.11428571,,,,,,,,,6,,
100330,Working,54400.27686,-4299.223429,-6689.392571,0,24.28571429,,,,18365,45,53349,No,,,2428.5,3755.09
100331,Retired,5908.53,2236.718571,2781.919714,0,-3.371428571,,,,272715,49.15,248443,No,,0,,
100332,Unknown,-1153.423429,-290.5357143,72.60485714,1,3.4,,,,98176,69.1,88670,No,4,0,,
100333,Student,55280.19114,2587.980857,3382.398286,0,-26.97142857,,,,,,,,,0,,
100334,Non-working,984.63,-1150.858,1011.984,0,-11.31428571,,,,,,,,1,0,,
100335,Retired,26070.06314,2305.873143,2907.982571,0,20.97142857,,,,,,,,,0,,
100336,Student,1835.217429,-3225.729143,-2567.219714,0,11.4,,,,62693,48.3,31481,No,,0,,
100337,Working,1523.158,747.1208571,632.6508571,0,0.085714286,,,,,,,,2,0,,
100338,Student,-2313.973429,2736.198857,2582.094571,1,22.08571429,,,,20535,0,99292,No,,,,
100339,Retired,359.1568571,-914.2388571,-631.8957143,0,-3.257142857,,,,,,,,4,0,1110.5,1110.5
100340,Working,-725.4537143,-4967.363714,-705.0551429,0,28.34285714,,,,,,,,,,,
100341,Unknown,28006.28286,5966.292,5371.637429,0,-19.85714286,,,,182800,132.9,215448,Yes,,0,,
100342,Non-working,6143.205714,4411.231429,3874.436571,0,14.6,,,,,,,,3,0,3941.34,1970.67
100343,Unknown,46242.71343,1762.075429,-2027.044571,0,4.257142857,,,,137832,85.66,94309,Yes,3,0,,
100344,Working,859.7017143,310.8497143,825.1885714,0,39.42857143,,,,,,,,,0,,
100345,Student,65235.758,2451.321714,2366.594286,0,15.05714286,,,,,,,,,,,
100346,Retired,6288.887143,-151.8582857,-2026.768286,0,-18.2,,,,,,,,3,0,,
100347,Non-working,89522.23686,949.0462857,513.1794286,0,14.91428571,,,,124452,145.77,109548,Yes,,0,,
100348,Retired,4172.930571,2788.980571,1731.642857,0,-9.942857143,,,,,,,,,0,,
100349,Retired,-826.6345714,1403.162,2192.231714,1,27.05714286,,,,,,,,2,,,
100350,Retired,62538.06286,-8330.355429,-5697.113143,0,-13.42857143,4570.4,,Yes,,,,,,,1.16,3.1
100351,Retired,5943.528286,5460.939143,2256.862,0,-19.45714286,,,,98176,60.63,88670,Yes,8,,,
100362,Working,769.2231429,-1263.052,-1489.501143,0,-19.91428571,,,,,,,,,0,,
100363,Unknown,59255.11571,5347.016286,5807.7,0,6.942857143,,,,,,,,,0,2044.19,634.54
100364,Retired,156078.2729,5844.236286,4005.009714,0,-17.31428571,,,,,,,,2,0,,
100365,Working,6126.321714,12.20771429,-1364.012,0,-5.371428571,,,,49271,136.31,16580,No,,0,,
100366,Unknown,-156.5174286,2713.676857,2738.245143,1,-18.02857143,,,,7482,0,84359,Yes,8,,198.8,255.72
100367,Student,-3140.902286,-287.3274286,417.866,1,7.342857143,,,,17958,83.02,83052,Yes,,0,,
100368,Non-working,-483.3597143,415.7014286,75.64057143,1,-34.48571429,4494.97,,Yes,62240,60.03,142316,No,1,0,,
100369,Retired,8719.428286,3448.060571,1978.565714,0,-12.02857143,,,,31591,31.02,75097,No,,,,
100370,Student,-4667.827429,56.69028571,1395.226,1,17.97142857,,,,76910,0,66995,No,3,0,,
100372,Working,-8.329142857,-163.1914286,-97.70714286,0,-20.08571429,,,,,,,,,0,,
100374,Retired,3750.712571,772.7608571,1368.174286,0,-35.82857143,,,,107323,0,149787,No,,6,,
100375,Unknown,2935.128286,-867.5291429,-1144.264857,0,-18.48571429,,,,231981,0,210744,No,,0,,
100376,Non-working,6321.261714,1525.004571,1554.647143,0,-21.91428571,,,,47035,74.88,169177,Yes,,0,,
100377,Student,35429.90943,3273.101714,6503.943429,0,33.62857143,,2856.91,No,,,,,,0,2268.08,984.28
100378,Retired,325.964,-871.7125714,-756.1651429,0,9.114285714,,,,,,,,,,,
100379,Unknown,-80.98457143,1615.071714,-896.3005714,0,-31.54285714,,,,93054,0,46956,No,,,,
100380,Non-working,2843.742286,-861.418,423.0228571,0,17.4,,,,263227,183.92,220649,No,,0,,
100381,Non-working,-4268.77,118.84,2862.961714,1,-9,,,,,,,,,0,,
100382,Retired,448.9285714,129.2125714,-1228.630571,0,12.28571429,,,,,,,,2,0,,
100383,Student,6830.880857,-664.448,-2349.533429,0,16.77142857,,,,,,,,,0,,
100384,Unknown,1366.747143,2366.844286,731.5608571,0,1.457142857,,,,,,,,4,0,,
100385,Unknown,-4024.049143,-890.5922857,39.53485714,1,-19.42857143,,,,,,,,,0,,
100386,Non-working,-1319.585143,1363.747714,1018.050571,1,23.2,,,,55228,0,44277,No,,,,
100387,Student,1244.576286,638.6057143,965.8814286,0,0.971428571,4764.02,,Yes,54096,0,39051,No,,0,,
100389,Student,1105.503143,658.7674286,348.4842857,0,-23.8,,,,200132,45.22,120619,Yes,,0,,
100390,Unknown,3599.187143,480.5391429,-284.1454286,0,27.94285714,,,,,,,,5,,2.24,4.86
100391,Retired,9750.517429,1014.166286,-1357.364286,0,6.542857143,4481.97,,No,96166,76.18,160250,Yes,5,0,,
100392,Non-working,41018.19,1486.441143,1298.864286,0,21.91428571,,,,27536,19.19,9128,Yes,1,0,,
100393,Retired,2789.413429,-3623.898857,-3313.965429,0,-12.62857143,,,,20884,61.54,84047,Yes,,0,,
100394,Working,-3303.525429,-682.7588571,-848.9528571,0,-3.542857143,,,,,,,,5,,,
100395,Unknown,60185.25514,3341.585143,4489.054571,0,-19.82857143,,,,181788,72.05,75103,No,,0,,
100396,Unknown,3191.910286,3138.926571,2408.592286,0,-19.2,,,,86121,0,26838,No,,,,
100397,Non-working,-1223.176571,-1337.930286,-881.2811429,0,4.257142857,,,,51109,0,179202,No,6,,,
100398,Student,204.402,260.5957143,317.9908571,0,-43.45714286,,,,,,,,,0,,
100399,Working,-1226.572286,-106.6465714,69.05314286,1,-11.62857143,,,,,,,,,0,,
100400,Non-working,36.80257143,-3796.568,-2480.868286,0,32.94285714,,,,190728,95.78,121537,Yes,7,0,,
100401,Non-working,7985.710286,-1841.676286,-3237.213143,0,-7.228571429,,,,,,,,,0,,
100402,Student,3502.471429,2443.109143,3558.175429,0,14.48571429,,,,,,,,,0,,
100403,Non-working,452.2391429,1651.303143,1919.961143,0,-4.542857143,,,,,,,,,,,
100405,Non-working,26667.42029,2784.356,3289.474,0,22.2,,,,128132,105.45,135185,Yes,8,2,,
100406,Working,-2102.573429,-2813.212857,481.0168571,1,37.82857143,,,,36966,0,41883,Yes,11,0,,
100407,Working,871.3402857,335.1648571,-483.2414286,0,-5.228571429,,,,,,,,,0,,
100408,Working,-2168.498571,-1298.036571,-239.8794286,0,-35,,,,163753,24.94,147738,Yes,,0,,
100409,Working,-933.6254286,-1169.757143,-721.8265714,0,2.314285714,,,,54899,0,122656,No,,,,
100411,Non-working,-27004.91457,6795.925429,4234.413143,1,-1.857142857,,,,,,,,,0,,
100412,Retired,2582.004857,-1698.315143,-1036.332,0,-7.457142857,3370.76,,No,,,,,,,,
100413,Working,62940.954,853.442,-98.82628571,0,-6.914285714,,,,,,,,,0,,
100414,Non-working,-4685.176286,894.824,2477.630286,1,0.8,,,,,,,,,,,
100415,Working,-1652.886286,-1325.082571,-1154.312,0,-7.485714286,,,,,,,,,0,,
100416,Retired,75133.36886,3791.045429,3607.103429,0,-6.342857143,,,,,,,,6,0,,
100417,Non-working,-1144.695143,-36.71371429,88.38142857,1,6.485714286,,,,,,,,5,0,,
100418,Retired,22110.30086,-1300.718286,-2436.582571,0,-11.97142857,,,,106652,27.19,69346,Yes,,0,,
100419,Unknown,30415.10171,2165.610571,1653.745429,0,-28.51428571,,4588.21,Yes,,,,,,0,,
100420,Non-working,-1829.250857,1763.189429,1088.830571,1,6.428571429,,,,,,,,,0,,
100421,Non-working,1609.767143,2769.447714,3072.484286,0,-5.885714286,,,,,,,,,0,1636.37,3272.74
100422,Unknown,-2284.182857,-1165.744,2971.391714,1,-18.22857143,,,,124452,131.07,109548,No,,0,,
100423,Working,40614.07457,-534.9057143,1125.029429,0,6.142857143,,,,,,,,5,0,2364.32,3713.83
100424,Working,4299.216,-2617.748,-831.7154286,0,-45.71428571,,5241.1,Yes,,,,,,,,
100425,Unknown,1630.882857,-7464.497429,-7857.569143,0,-14.02857143,,,,137001,84.66,155801,No,,,2034.57,4055.95
100426,Retired,-3742.975429,-3384.545429,-2973.756286,0,-4.742857143,,,,,,,,,0,,
100427,Non-working,12597.87314,-820.582,-3695.378286,0,-19.31428571,,,,,,,,,0,,
100428,Student,-6702.980857,-2094.328286,-1464.344857,0,-12.2,,,,17217,42.18,25486,No,,0,,
100429,Retired,3420.141429,1610.832286,3203.401143,0,-6.714285714,,,,,,,,,0,,
100430,Retired,32433.88,1189.307429,1705.959143,0,3.942857143,,,,,,,,1,0,,
100431,Non-working,38480.29057,4369.237714,2701.76,0,-36.4,,,,,,,,,,,
100433,Retired,58956.67429,6057.436,4959.737714,0,-15.4,,,,,,,,,0,,
100435,Student,6388.617714,-382.6225714,575.392,0,-14.22857143,,,,,,,,,0,,
100436,Working,-375.3228571,-1198.696571,-358.5417143,0,-16.31428571,,,,29358,0,64859,No,,0,,
100437,Retired,64374.694,5272.695714,6965.039714,0,-20.48571429,,,,,,,,,0,,
100438,Unknown,-931.0371429,444.3791429,-1229.165714,0,-13.85714286,,,,,,,,,0,,
100439,Retired,-1140.684571,-1091.932286,-1427.727429,0,-6.714285714,,,,107645,0,147795,No,,0,,
100440,Student,339.7374286,148.1977143,734.4108571,0,-16.48571429,,,,225394,186.06,278320,No,,0,,
100441,Student,1991.173143,-1414.224,-3377.063714,0,6.285714286,,2935.29,Yes,,,,,,0,,
100442,Unknown,3108.27,-971.4017143,-4277.745429,0,28.34285714,,,,35737,104.97,93802,No,,0,,
100443,Non-working,3005.978857,3747.238286,2126.045143,0,-26.25714286,,,,,,,,,,,
100444,Retired,659.7248571,-986.5465714,-924.2322857,0,3.857142857,,,,120449,134.25,198072,Yes,,,,
100445,Student,62110.24886,-172.2034286,1239.632,0,5.8,,,,92861,72.97,34451,Yes,,0,,
100446,Non-working,2792.693143,622.6834286,1277.312857,0,3.114285714,,,,73371,118.52,88592,Yes,7,0,,
100447,Working,-1924.051714,-2111.188571,-1178.005714,0,25.17142857,,,,,,,,1,0,,
100448,Retired,65298.45486,5543.535143,2528.728857,0,-34.4,4009.44,,No,177587,147.49,142752,No,,,,
100449,Working,3346.049429,-1112.661714,-1210.182571,0,4.8,,,,,,,,,0,,
100450,Student,5886.277714,-909.0222857,-3133.625429,0,-19.94285714,,,,,,,,1,6,,
100451,Non-working,7639.824857,2229.870571,421.9748571,0,27.31428571,,,,,,,,,0,,
100452,Working,2407.892571,-877.7328571,-806.7008571,0,-30.6,,,,,,,,1,,,
100453,Working,3701.296857,-2080.039143,-1666.499143,0,4.628571429,,,,,,,,,0,,
100454,Non-working,126757.0494,8285.711714,5309.227714,0,-13.57142857,,,,91838,60.27,98137,No,,,,
100455,Working,8012.534857,1000.868857,1093.458571,0,-0.485714286,,,,,,,,7,0,,
100456,Working,7627.600571,116.9491429,-477.6622857,0,-0.942857143,,,,,,,,,0,,
100457,Non-working,-1319.115143,-2440.914,-2230.29,0,-28.97142857,,,,,,,,5,0,,
100458,Non-working,6941.290286,-533.2662857,-61.31971429,0,14,,,,9608,57.28,95140,No,,0,,
100459,Student,-3760.622571,-1659.029714,-416.5294286,0,29.42857143,,,,65174,78.41,77332,No,,0,1257.92,6233.65
100460,Unknown,5027.051429,-577.9925714,2595.765429,0,-3.285714286,,,,,,,,,,,
100461,Working,-1040.024,-1270.441143,283.4542857,1,48.68571429,,,,,,,,,0,,
100462,Working,6254.799143,5749.670286,2648.136857,0,-5.714285714,,,,55228,0,44277,No,,,,
100463,Working,454.23,-1377.254286,-1505.307714,0,-10.37142857,,,,,,,,1,,,
100464,Unknown,-4969.972,1762.649143,8686.960571,1,-14.14285714,,,,,,,,,0,,
100465,Student,-893.9808571,-1565.948286,-645.7334286,0,24.97142857,,,,,,,,,,,
100466,Unknown,21256.236,586.942,-642.5605714,0,45.82857143,,,,,,,,6,,,
100467,Working,-5169.165143,-1752.584286,3112.228286,1,41.31428571,,,,86514,145.78,96222,No,4,4,,
100468,Student,58144.43686,1116.73,1601.928571,0,5.771428571,,,,,,,,,0,,
100469,Student,-386.6845714,1722.678286,531.4905714,1,52.54285714,,,,,,,,,0,,
100470,Unknown,30127.59657,5684.998,4075.587714,0,31.22857143,,,,,,,,1,0,,
100471,Non-working,57.806,2503.493429,1311.631429,0,-2.657142857,,,,,,,,,0,,
100472,Retired,25542.4,2756.292857,4153.248,0,-17.57142857,,,,158229,0,125290,No,4,0,,
100473,Non-working,36724.63343,-2235.925143,-2063.096286,0,16.11428571,,,,,,,,,0,,
100474,Retired,-3561.144286,633.7274286,-359.986,0,-25.45714286,,,,,,,,,0,,
100475,Unknown,1473.862571,-2716.203143,-1669.719714,0,4.057142857,,,,99551,79.56,123588,Yes,,0,,
100476,Retired,4196.783143,-1419.113429,-1367.87,0,-14.91428571,,,,,,,,,0,,
100477,Unknown,1669.683429,286.8454286,98.06228571,0,11.51428571,,,,,,,,,0,,
100478,Unknown,8105.858571,-4645.705714,-2805.363429,0,-2.285714286,3595.53,,Yes,,,,,4,0,,
100479,Student,60170.01743,460.318,217.8365714,0,-16.34285714,,,,72195,74.46,28054,No,,0,,
100480,Working,4715.484286,-2410.066571,-2554.316571,0,-13.77142857,,,,,,,,1,0,,
100481,Retired,1594.354286,945.2285714,1246.706857,0,-19,,,,,,,,,0,,
100482,Unknown,1397.672857,1578.690286,925.9645714,0,-13.88571429,,,,29358,0,64859,Yes,,0,,
100483,Student,3375.856571,865.28,2431.959714,0,-10.91428571,,,,,,,,,,,
100484,Non-working,30526.55457,1771.471143,73.46,0,20.22857143,,,,74538,0,87105,Yes,2,0,,
100485,Retired,5852.769714,4389.411429,4846.333143,0,3.514285714,4735.58,,No,,,,,,0,,
100486,Student,7678.896,-1243.754857,-2060.296,0,16.37142857,,,,,,,,2,0,,
100487,Working,-1455.040857,220.2191429,139.9711429,1,22.17142857,,,,86121,0,26838,Yes,,0,,
100488,Student,-2130.642571,-2058.421143,-146.1914286,0,3.428571429,,,,65885,0,13948,No,,0,,
100489,Retired,129.9665714,-1389.915714,-1285.695429,0,26.71428571,,,,24578,0,70905,Yes,,0,,
100490,Working,-2093.401143,-561.1742857,-2528.173143,0,4.885714286,,,,,,,,9,0,,
100492,Non-working,19224.56514,4800.590571,2403.273143,0,-25.97142857,,3697.43,Yes,,,,,1,,,
100493,Unknown,-50.61142857,-1946.757714,-1348.217143,0,4.4,,,,16199,76.35,82263,No,,0,,
100494,Working,-3592.737429,-1121.122286,-1111.187143,0,-29.31428571,,,,,,,,,1,,
100495,Student,3933.397714,581.2054286,-310.1708571,0,-10.42857143,,,,,,,,,0,2658.71,1772.2
100496,Retired,6539.132286,-1865.251143,662.3697143,0,18.91428571,,3448.61,No,,,,,8,0,,
100497,Non-working,68904.038,4636.237429,4046.105429,0,-19.74285714,,,,,,,,1,0,,
100498,Retired,108127.3097,5627.368286,4702.307714,0,22.17142857,,,,,,,,,0,,
100499,Retired,4690.063714,3932.818571,3679.878,0,-28.08571429,,,,63524,57.47,21310,Yes,2,0,,
100500,Retired,6960.745714,1065.147143,-567.9311429,0,-17.11428571,7022.6,,Yes,,,,,5,0,,
100501,Retired,96381.13914,5612.192,6462.155714,0,-8.685714286,,,,,,,,,0,,
100502,Student,53548.94971,2729.835143,2714.818286,0,-25.45714286,,,,,,,,,,,
100503,Student,-1780.718571,-726.8762857,814.8368571,1,0.314285714,,,,,,,,1,,,
100504,Non-working,7083.614571,8264.459714,6965.652286,0,27.97142857,,6205.92,No,,,,,,0,,
100505,Non-working,-2594.577143,215.9185714,588.7965714,1,-17.2,,,,28173,0,11830,Yes,,0,,
100506,Working,293.014,248.1885714,-1896.712571,0,3.914285714,,,,,,,,,0,,
100507,Unknown,1080.512857,-3476.754,-306.3482857,0,-33.6,,,,97160,63.05,38354,Yes,,0,,
100508,Student,53913.56114,-567.7394286,1222.885143,0,6.714285714,,1658.88,No,,,,,,0,,
100509,Working,2604.752857,-235.5194286,162.4697143,0,5,,,,,,,,,0,,
100510,Non-working,-478.7428571,390.2434286,1621.793429,1,-17,,,,,,,,,0,,
100511,Non-working,-739.638,-2142.188857,2022.048857,1,17.6,,,,31311,0,44607,Yes,7,,,
100512,Working,2655.545429,1342.337714,1137.743143,0,-14.91428571,,,,,,,,,,1222.21,2933.14
100513,Unknown,7901.413143,504.496,3388.982286,0,-0.285714286,,6214.33,No,,,,,,0,,
100514,Retired,92200.09543,6768.211429,3611.202286,0,4.657142857,,,,,,,,,0,,
100515,Working,952.7182857,12.16971429,-1546.234857,0,-4.142857143,,,,143106,64.18,46387,Yes,,0,,
100516,Unknown,5189.375429,-1224.229143,2927.164857,0,18.08571429,,,,,,,,,0,,
100517,Student,-1622.125714,-3415.339429,-3502.126571,0,0.885714286,,,,,,,,,0,,
100518,Non-working,423.1768571,-996.5602857,-331.1968571,0,29.17142857,,,,,,,,,0,,
100519,Retired,6849.843143,1369.896857,-1797.294,0,0.685714286,,,,,,,,3,0,,
100520,Student,4307.434,-4613.418571,-4716.248857,0,6.8,,,,,,,,,0,,
100522,Working,4038.313429,35.12485714,-537.2942857,0,16.54285714,,,,,,,,,0,,
100524,Retired,2056.618571,-40.19228571,979.9502857,0,-52,,,,,,,,1,5,,
100525,Unknown,164.876,-277.298,-1194.884286,0,25.02857143,,,,,,,,,0,,
100526,Non-working,57535.54429,-288.2008571,-120.2208571,0,10.54285714,,,,143106,83.22,46387,Yes,,0,,
100527,Student,86809.81571,-2533.434571,-848.6491429,0,-20.08571429,,,,,,,,,,,
100528,Retired,1230.438571,410.52,327.9645714,0,-9.514285714,,,,,,,,,0,,
100529,Unknown,2189.186,-777.6108571,227.6197143,0,35.57142857,,,,,,,,1,0,,
100530,Non-working,1762.036,235.3754286,-569.3977143,0,0.4,,,,,,,,,4,,
100531,Non-working,-1092.820286,-4486.280571,-2661.028571,0,-13.2,,,,69748,55.7,254880,No,,0,,
100532,Retired,1913.857143,-1028.240286,-1832.766571,0,-8.685714286,,,,,,,,,0,,
100533,Student,-10891.49686,-4793.779714,-5149.428571,0,15.57142857,,,,98561,175.14,147361,Yes,,0,,
100534,Unknown,2325.212,842.8122857,604.0222857,0,22.57142857,,,,,,,,10,0,,
100535,Unknown,2399.909143,-541.2842857,500.0654286,0,34.42857143,,,,24601,130.79,125487,No,1,0,,
100536,Non-working,3447.392286,119.2568571,237.4211429,0,-24.8,,,,,,,,,0,,
100537,Student,3420.449143,-2203.196857,2121.528286,0,8.657142857,,,,,,,,,,,
100539,Student,68.43257143,-665.7042857,-3671.684,0,-13.6,,,,7482,0,84359,Yes,,0,,
100540,Unknown,19838.53543,2572.207429,1410.505429,0,-24.71428571,2835.27,,No,,,,,5,0,,
100541,Retired,-3959.307429,-16.55714286,244.3868571,1,-32.34285714,,,,,,,,,0,,
100542,Non-working,99980.84171,-415.7362857,973.386,0,13.14285714,,,,,,,,,0,,
100543,Retired,5223.201143,4915.638,4221.099143,0,-6.028571429,,,,,,,,14,0,,
100544,Working,3598.457429,-1249.210571,-36.50285714,0,-17.34285714,,,,,,,,,,,
100545,Unknown,-617.5457143,341.374,1369.93,1,-10.45714286,,,,,,,,,0,,
100546,Unknown,3968.649143,-1870.942286,-2679.138571,0,12.94285714,,,,,,,,,0,,
100547,Non-working,59082.85743,-137.7771429,511.4877143,0,-12.82857143,3758.43,,Yes,,,,,,0,,
100548,Student,62320.068,2133.385143,2529.043143,0,-26.08571429,,,,,,,,,,,
100549,Working,1574.789143,-1163.686286,-1058.432286,0,22.51428571,,,,65885,0,13948,No,,,,
100550,Non-working,-4923.096571,372.9782857,229.7125714,1,-34.05714286,,,,83334,37.18,175092,Yes,,0,,
100551,Non-working,172.1114286,3265.707429,2176.555714,0,-6.571428571,,,,,,,,,,,
100552,Student,27272.94229,434.0048571,1297.467143,0,-16.68571429,,,,,,,,,0,,
100553,Non-working,809.3305714,-3802.824,-840.1971429,0,21.8,,,,16199,68.41,82263,No,,,,
100555,Non-working,17650.32114,-71.388,-92.07171429,0,9.514285714,,,,,,,,1,0,,
100556,Working,-1558.636,867.7937143,1410.488286,1,3.571428571,,,,84582,0,67009,No,,0,,
100557,Working,10432.22629,-132.592,852.1554286,0,0.657142857,,,,,,,,,0,,
100558,Working,718.7491429,-1249.538286,-42.10085714,0,-21.2,,,,,,,,,0,,
100559,Working,-3214.174857,-1261.212286,-641.2351429,0,-2.114285714,,,,112171,60.08,83410,Yes,1,0,26.71,26.71
100560,Student,38046.258,5584.979143,7059.029143,0,41.91428571,,,,,,,,,0,,
100561,Non-working,2727.777714,458.2482857,3316.390571,0,-9.514285714,,,,55244,55.49,97015,No,1,,1560.42,780.21
100563,Working,1316.054571,95.19542857,1166.368286,0,14.74285714,,,,,,,,,,85.3,199.22
100564,Non-working,73685.468,2446.323714,4640.852857,0,-13.65714286,,,,92861,39.34,34451,No,,0,,
100565,Working,54853.45029,-695.2217143,1045.64,0,-0.314285714,,,,,,,,,0,,
100566,Retired,49955.48857,5205.225429,2243.949714,0,16.74285714,,,,,,,,,,,
100567,Non-working,-842.8205714,470.4971429,-2009.496286,0,16.17142857,,,,182800,139.57,215448,No,,0,,
100568,Retired,17797.63286,7833.097143,3922.717714,0,6.8,,,,,,,,,6,,
100569,Unknown,6770.188571,-76.522,-404.2137143,0,6.685714286,,,,,,,,,0,,
100570,Non-working,3302.803714,-431.9788571,546.0322857,0,33.85714286,,,,,,,,,0,,
100572,Unknown,2350.369429,-3776.972857,-1196.897429,0,0.371428571,,,,159876,26.76,204848,Yes,,0,,
100573,Working,62052.87686,375.2817143,314.6462857,0,-4.657142857,,,,37242,0,88105,No,,0,,
100574,Working,-1008.78,3274.677714,4038.205714,1,11.4,,,,159876,36.06,204848,Yes,,0,,
100575,Unknown,-1098.213429,3581.961429,3585.601429,1,-8.685714286,,,,115954,86.5,168325,Yes,,0,,
100576,Retired,1604.001429,-1121.003429,1876.865429,0,-10.77142857,,,,7482,0,84359,No,11,,,
100577,Non-working,-3531.122,-555.5217143,-255.1802857,0,16.57142857,,,,,,,,,0,,
100578,Student,-803.0385714,-4383.766,-719.17,0,-9.057142857,,,,,,,,1,,,
100579,Retired,65215.324,1935.27,1938.176571,0,15.77142857,,,,39929,83.31,75654,No,,,,
100580,Retired,-713.9068571,-330.9271429,-1968.217429,0,1.285714286,,,,,,,,,0,,
100581,Non-working,43910.456,4306.831714,1465.752286,0,32.34285714,,,,,,,,,0,,
100582,Student,31405.21143,5253.428571,4775.23,0,-9.257142857,,,,,,,,,0,,
100583,Retired,31913.27971,486.7411429,1955.085143,0,20.57142857,,,,,,,,,,,
100584,Retired,1014.102857,-598.882,-1059.097714,0,1.942857143,,,,281438,206.56,276272,Yes,,,,
100585,Student,1636.608571,1514.489714,428.3305714,0,16.65714286,,,,112171,46.8,83410,Yes,1,0,,
100586,Working,47395.23343,4417.351429,4273.922571,0,32.94285714,,,,7482,0,84359,No,,,,
100587,Retired,4609.411714,3579.495714,3358.210571,0,18.2,,,,,,,,,0,,
100588,Unknown,-1027.980286,-319.9531429,282.7211429,1,6.514285714,4351.29,,No,103964,0,124819,No,,0,,
100590,Student,3528.872,2602.834286,824.3545714,0,38.34285714,,,,,,,,2,0,,
100591,Student,1667.800857,4966.693143,1099.717429,0,-2.228571429,,,,88795,60.87,176153,No,,1,1650.98,2708.71
100592,Unknown,11463.59971,-10.39,-5346.724857,0,-6.142857143,,,,,,,,,0,,
100593,Non-working,2002.793143,-1620.304,-1562.146571,0,-12.37142857,,,,,,,,,0,,
100594,Retired,-2605.790571,-2489.764571,-1335.741143,0,-33.28571429,,,,,,,,1,0,,
100595,Student,2338.797429,165.5245714,632.108,0,-13.97142857,,,,54781,0,90034,No,,0,,
100596,Non-working,3085.168857,774.7534286,-291.4774286,0,0.714285714,,,,,,,,,0,,
100597,Working,1617.298286,-509.7377143,-905.0465714,0,42,,,,,,,,,,,
100598,Retired,4631.460571,3799.662571,3356.054,0,5.371428571,,,,87588,51.35,92777,No,3,6,,
100599,Working,1651.026,-330.4682857,-407.7088571,0,29.57142857,,,,,,,,,0,,
100600,Student,6018.147143,-5623.563429,-4831.235714,0,-2.428571429,,,,,,,,,0,,
100601,Non-working,1683.410286,-981.8985714,-2345.735429,0,19.97142857,4344.42,,Yes,2614,88.27,67738,Yes,,0,,
100602,Working,1044.738857,-258.9694286,-386.698,0,29.11428571,,,,,,,,,0,,
100603,Working,23305.41314,2203.687429,2106.544286,0,-14.8,,,,27536,83.36,9128,Yes,1,,,
100604,Non-working,20434.678,5169.878286,5316.198571,0,-3.628571429,,,,,,,,,2,,
100605,Working,4828.122,-3837.509143,-4323.836857,0,-32.51428571,,,,87257,0,24437,No,,0,,
100606,Working,30637.078,2149.683429,685.1828571,0,-1,,,,170732,32.66,159823,No,1,0,,
100607,Non-working,1898.009429,-1540.915429,273.0788571,0,31.88571429,,,,,,,,2,0,,
100608,Non-working,26035.73286,1311.367714,-10.68228571,0,24.62857143,,,,111235,0,153151,No,,0,,
100609,Student,8099.795714,-1059.479143,-1247.962857,0,-40.8,,,,,,,,,0,,
100610,Unknown,1759.144286,624.176,686.2974286,0,-33.94285714,3126.81,,Yes,,,,,,0,,
100611,Working,2323.878857,1269.830571,880.8708571,0,-21.85714286,,,,,,,,,0,,
100612,Working,89816.48371,1638.302286,4209.298286,0,56.91428571,,,,185536,37.89,115454,No,,0,,
100614,Unknown,8732.38,4834.120857,2240.143143,0,-16.57142857,,,,,,,,,,,
100615,Student,704.5742857,722.9274286,1274.831143,0,2.428571429,,,,,,,,1,0,,
100616,Unknown,-1498.552,-5531.541143,-2790.000571,0,-5.742857143,,,,,,,,,0,,
100617,Working,73010.136,2981.621714,3341.956571,0,-35.45714286,,,,153804,126.9,109938,No,,0,,
100618,Student,943.9574286,2272.736286,1799.533143,0,-30.57142857,,,,,,,,3,0,,
100619,Student,1082.906286,1454.837429,2376.186857,0,-20.05714286,,,,211625,116.28,209809,Yes,,,,
100620,Unknown,65784.90571,4195.865143,5497.382286,0,-33.97142857,,,,,,,,,5,,
100622,Retired,41888.37714,1798.32,-982.674,0,1.6,6338.34,,Yes,,,,,3,,,
100623,Non-working,28074.542,-32.79485714,544.0454286,0,31.08571429,,,,1054,86.86,83098,Yes,,0,,
100624,Retired,-4537.055714,-3046.271143,-1866.527143,0,22.62857143,,,,272279,119.61,268060,Yes,,0,,
100625,Unknown,3094.138857,-1758.850571,-1938.141714,0,-45.14285714,,,,,,,,7,0,,
100626,Retired,-1597.038857,-1399.738,-248.754,0,4.885714286,,,,98655,0,84513,No,,,,
100627,Unknown,2486.417143,916.8251429,769.762,0,-23.88571429,,,,,,,,1,0,,
100628,Unknown,68367.38914,4873.042286,2471.874571,0,-28.25714286,,,,64392,76.64,7634,No,3,,,
100629,Student,47777.50429,7145.134286,5587.969143,0,-28.97142857,,,,,,,,,0,,
100630,Working,5839.846571,5193.442857,4288.190857,0,-18.11428571,,,,,,,,,0,,
100631,Retired,2641.294571,1926.302571,-2822.142571,0,18.68571429,,,,,,,,,0,,
100632,Unknown,-2929.056571,-823.8591429,-712.4817143,0,-12.42857143,,,,,,,,,,,
100633,Student,54091.08057,6277.032286,6388.998857,0,11.17142857,,,,76598,0,9578,No,,0,,
100634,Non-working,4723.684571,2524.491143,822.1857143,0,-42.37142857,,,,,,,,1,6,,
100635,Retired,79533.13371,23.99657143,-1152.898286,0,20.62857143,3205.3,,Yes,,,,,2,0,,
100636,Student,22439.38086,1204.873714,1727.009143,0,-0.714285714,,,,234500,201.06,276689,No,,6,,
100637,Working,1628.350286,-1889.455714,-2114.546571,0,14.94285714,,,,,,,,,0,,
100638,Student,1178.017143,-1863.624857,-667.0642857,0,-5.171428571,,,,97160,45.86,38354,Yes,,,,
100639,Retired,-346.3477143,-1609.428857,-2059.559429,0,-17.48571429,,,,,,,,,0,,
100640,Working,5784.07,4349.163714,2543.062,0,-34.28571429,,,,,,,,,,,
100641,Unknown,51822.33286,4358.329714,6108.42,0,2.371428571,,,,32245,0,1530,Yes,,,,
100642,Non-working,1088.354571,464.7545714,1764.604571,0,8.6,3911.49,,Yes,,,,,,0,,
100643,Unknown,1501.022571,707.812,1029.317429,0,17.85714286,,,,47228,0,15104,Yes,,0,,
100644,Working,2456.280571,2060.048286,1631.280286,0,-12.45714286,,,,138331,86.01,59994,Yes,,0,,
100645,Student,-334.3294286,-354.7745714,-217.5248571,0,13.34285714,,,,82481,127.7,72921,Yes,1,0,,
100646,Retired,2821.583143,2080.271143,-246.7962857,0,-12.22857143,,,,80692,0,74259,Yes,,0,,
100647,Non-working,69531.04,3948.362571,1597.956857,0,21.48571429,,,,,,,,,0,,
100648,Retired,3560.758857,-2051.997429,-1459.792857,0,21.02857143,,4513.41,Yes,,,,,,0,,
100649,Retired,2377.302857,2757.030286,3731.576571,0,1.628571429,,4600.45,No,,,,,,0,,
100650,Retired,18576.85657,-1955.137429,2112.273143,0,13.48571429,,,,62187,70.97,95445,No,3,,,
100652,Student,32000.69143,145.4168571,380.548,0,22,,,,,,,,,0,,
100653,Student,6436.254571,3215.544571,3408.379714,0,0.342857143,4370.92,,Yes,,,,,,0,,
100654,Non-working,59243.28086,6063.528571,6097.544,0,-6.428571429,,,,,,,,,0,,
100655,Non-working,314.7311429,1041.105714,-28.34314286,0,15.8,,,,,,,,3,0,,
100656,Working,25925.38457,35.08742857,2346.428857,0,15.68571429,,,,,,,,,,,
100657,Unknown,22630.70657,4555.419714,3292.416286,0,-23.85714286,,,,,,,,,0,630.28,630.28
100658,Student,59092.808,-215.7785714,-2117.466,0,-3,,,,16607,41.34,7146,Yes,2,0,,
100659,Working,5144.649143,544.3774286,-1575.072571,0,-14.82857143,,,,204310,130.85,98939,Yes,,,1949.63,2806.39
100660,Non-working,525.1228571,-597.2297143,-216.1445714,0,16.34285714,,,,,,,,,,,
100661,Non-working,-148.2228571,-2071.794,2008.334,1,-20.82857143,,,,,,,,,,,
100662,Working,4064.535429,-1441.216,-1569.414286,0,-2.4,,4351.49,Yes,,,,,4,0,,
100663,Unknown,606.4068571,-158.5457143,-1735.687714,0,0.085714286,,,,,,,,,3,,
100664,Retired,8276.614,228.6077143,1676.477429,0,39.31428571,,,,,,,,,0,,
100665,Working,99214.956,3908.098857,2799.730286,0,2.542857143,,,,,,,,,0,,
100666,Unknown,-328.4168571,2346.582571,1802.476,1,-18.68571429,,,,,,,,,0,,
100667,Student,979.9271429,1817.184,3090.293143,0,5.428571429,,,,,,,,4,0,,
100668,Non-working,3288.169714,1801.015143,-485.1282857,0,-42.02857143,,,,,,,,,6,,
100669,Retired,56571.96486,-2527.430286,1297.983714,0,-30.17142857,,,,,,,,,0,,
100670,Student,-2979.177714,1964.232,563.3102857,1,4.342857143,,,,,,,,1,0,,
100671,Student,-3373.638571,-76.24,1598.309714,1,-13.57142857,,,,76598,0,9578,Yes,,0,,
100673,Retired,72.13971429,-2605.864286,-1673.337143,0,-5.457142857,,,,54343,110.03,45068,No,,0,,
100674,Retired,9262.494571,3889.063143,-1473.822857,0,22.71428571,,,,182800,138.25,215448,Yes,,0,,
100675,Unknown,-731.6631429,-2555.156,-60.754,0,-17.08571429,,,,,,,,3,0,,
100676,Non-working,9725.978,3283.100571,696.762,0,-25.25714286,,,,,,,,,0,,
100677,Student,10442.31857,384.2911429,-625.2794286,0,-12.54285714,,,,,,,,,0,,
100678,Retired,-1811.588571,-168.3714286,-2703.178571,0,-13.05714286,,,,,,,,9,0,,
100679,Unknown,-1688.743143,-3514.294,-262.92,0,6.114285714,,,,,,,,,,,
100680,Non-working,-197.2182857,-892.1765714,-2406.119429,0,23.6,,,,,,,,,0,,
100681,Non-working,47316.01029,4085.421143,2871.119714,0,-24.22857143,,,,,,,,,0,,
100682,Retired,1421.437429,1676.186286,2486.893429,0,1.628571429,,,,14877,0,55982,Yes,,,,
100683,Student,1825.011143,-1428.504,-985.1354286,0,-16.62857143,,,,,,,,1,,,
100685,Unknown,4300.267714,1023.702571,899.88,0,2.6,2932.26,,No,273973,167.98,250461,No,,0,,
100686,Non-working,3183.536,-622.48,-803.0322857,0,9.457142857,,,,,,,,,,,
100687,Student,1899.393714,-43.48514286,-692.5105714,0,4.485714286,,,,,,,,,,,
100688,Retired,60125.372,6139.859429,4236.250857,0,-14.68571429,,2870.58,No,175076,0,168335,Yes,,0,,
100689,Student,1029.554571,2196.09,1671.769143,0,9.971428571,,,,,,,,2,4,,
100690,Unknown,1273.181714,678.174,1905.228571,0,-0.628571429,,,,16607,73.02,7146,No,3,,,
100691,Retired,23730.32029,-574.884,545.592,0,-23.51428571,,,,,,,,3,0,,
100692,Non-working,31677.09914,6575.817714,4842.44,0,20.74285714,,,,,,,,,0,,
100693,Retired,4060.546857,2802.250571,2517.446286,0,2.314285714,,,,,,,,,,,
100694,Working,3161.649429,2035.731429,443.9265714,0,11.65714286,,,,,,,,,0,,
100695,Unknown,2625.27,-6450.621429,-5561.583143,0,11.34285714,,,,,,,,,0,311.02,486.7
100696,Unknown,24830.25629,-1615.481714,3272.785143,0,-20.37142857,,,,27536,59.96,9128,Yes,,0,,
100697,Non-working,-971.2377143,-308.0588571,-1152.640571,0,-4.428571429,,,,,,,,,0,,
100698,Student,9336.708857,-2703.378571,-1616.432,0,-35.68571429,,,,,,,,,0,,
100700,Non-working,-7868.880571,806.6831429,-568.5868571,0,-4.657142857,,,,,,,,,0,,
100701,Non-working,38331.58257,3092.658286,1684.676286,0,-9.685714286,,,,,,,,,0,,
100702,Student,60683.73171,6347.428571,4058.613714,0,-33.97142857,,,,,,,,,0,,
100703,Non-working,2346.826857,760.642,1207.968,0,24.62857143,,,,,,,,,0,,
100704,Retired,2025.549429,1338.840857,-412.7294286,0,25,,,,,,,,,,,
100705,Non-working,56114.96914,2559.611429,2431.424857,0,26.31428571,,,,106275,57.38,51035,No,1,,,
100706,Working,1058.284857,-1736.701143,-288.9025714,0,-29.54285714,,,,,,,,5,0,,
100707,Working,26721.17657,852.4805714,548.9108571,0,-10.2,7151.97,,Yes,,,,,4,,,
100708,Working,66396.49286,2545.635429,2859.835429,0,-16.02857143,,,,36966,0,41883,No,,6,,
100709,Working,61305.55057,4821.968857,2534.807143,0,-0.742857143,,,,,,,,,,,
100710,Student,3690.875143,3299.839714,-170.37,0,-17.4,,,,,,,,,0,,
100711,Non-working,4193.182571,2689.817429,3889.762,0,19.85714286,,,,,,,,,0,1842.27,1842.27
100712,Retired,44934.78857,1528.468571,1797.973714,0,-17.6,,,,,,,,,0,,
100713,Working,-1200.698857,-414.3605714,1379.635714,1,5.8,,,,,,,,,,,
100714,Non-working,-4183.017143,-1599.954857,1887.288571,1,-8.371428571,,,,88795,66.1,176153,Yes,,,,
100715,Working,1761.883429,-1054.406857,353.3328571,0,38.4,,,,,,,,,6,,
100716,Retired,534.4354286,-1.829142857,1284.182857,0,-29.71428571,,,,,,,,1,0,,
100717,Non-working,-286.2977143,-1319.662571,-2233.825714,0,21.65714286,,,,54343,46.9,45068,Yes,,0,,
100718,Retired,4089.865714,5855.682571,2453.984286,0,33.51428571,,,,,,,,,,,
100719,Unknown,3051.116857,1671.774286,972.2605714,0,38.74285714,,,,,,,,,0,,
100720,Non-working,5362.338857,250.722,1675.113429,0,-3.942857143,,,,,,,,,0,,
100721,Non-working,1644.703143,1203.368857,-1849.582857,0,-19.54285714,,,,,,,,,0,,
100722,Unknown,3342.478571,1070.624,-2563.761429,0,-26.22857143,,5507.74,No,,,,,,0,,
100723,Working,31424.57686,4283.089143,4355.867429,0,-21.8,,,,,,,,,0,,
100724,Working,5352.969429,1412.871143,1288.102286,0,32.05714286,,,,,,,,,0,,
100725,Unknown,9061.808857,-354.3991429,-220.522,0,6.028571429,,,,92879,31.86,39784,Yes,,0,,
100726,Retired,59197.50257,-272.6534286,-361.4885714,0,-5.342857143,,,,,,,,6,0,,
100727,Non-working,55956.50686,-1814.110857,-1508.580571,0,-8.371428571,,,,,,,,,0,,
100728,Student,6079.338857,-252.0691429,-1328.906571,0,-16.77142857,,,,,,,,,0,,
100729,Retired,-521.8662857,884.5277143,3104.099429,1,4.285714286,,,,,,,,4,0,,
100730,Retired,2185.846857,2107.054857,-282.6308571,0,-9.971428571,,,,65116,48.72,57580,No,,,214.42,363.7
100731,Non-working,52435.78771,3835.211714,4062.223714,0,4.114285714,,,,,,,,,,,
100732,Student,1129.559714,-1773.038857,-774.7665714,0,15.48571429,,,,,,,,1,,,
100733,Retired,1026.205429,3237.954,4294.422857,0,53.02857143,,,,17958,44.76,83052,No,,0,,
100735,Student,3622.842286,-131.9525714,1275.940857,0,-9.4,9474.13,,No,,,,,4,,,
100736,Working,3737.669714,983.3042857,-2626.59,0,15.08571429,,,,76598,0,9578,No,,0,,
100737,Retired,53933.176,4691.021143,1899.705429,0,11.94285714,,,,,,,,3,,,
100739,Retired,-787.6671429,-339.3482857,-949.5468571,0,17.68571429,,,,182800,40.64,215448,No,,,,
100740,Student,2294.461429,-482.7197143,-132.456,0,-35.25714286,,,,77783,0,73767,Yes,,0,,
100741,Student,2524.892,-2016.136571,892.6842857,0,3.428571429,,,,,,,,,5,,
100742,Unknown,57140.40514,4286.517429,5395.145429,0,-7.228571429,,,,104805,126.01,118263,No,,0,,
100743,Non-working,2929.134,2477.643714,108.7702857,0,-15.34285714,,,,,,,,1,0,,
100744,Retired,2876.007429,77.488,-1070.782286,0,-8.371428571,,,,32724,64.49,70827,Yes,,,,
100745,Student,70.64771429,535.3414286,403.408,0,-14.31428571,2538.24,,No,,,,,,4,,
100746,Non-working,1245.283714,-726.1485714,-181.2628571,0,-29.17142857,,,,55878,0,48406,Yes,,0,,
100747,Working,1622.234571,-833.8474286,-1472.883429,0,8.171428571,,,,,,,,,,,
100748,Retired,4176.033714,1176.935429,15.62114286,0,-10.65714286,,,,,,,,3,0,,
100749,Working,-1093.655143,-210.2137143,-958.6462857,0,-16.97142857,,,,,,,,,,,
100750,Student,5518.950571,1549.138857,-2764.326286,0,31.25714286,1841.69,,No,1713,58.32,46696,No,,6,,
100751,Non-working,6812.42,527.5345714,124.1011429,0,24.77142857,,,,183586,74.88,215631,Yes,,0,,
100752,Working,2327.275143,-1168.097429,-492.0211429,0,-1.171428571,,,,170732,76.43,159823,No,2,3,,
100753,Working,5292.266571,-1197.968,-1885.083714,0,47.71428571,,,,,,,,10,0,,
100754,Non-working,1819.442857,2306.816857,1387.604571,0,-8.714285714,3567.66,,Yes,,,,,,6,,
100755,Working,92874.31914,5993.158,3840.190286,0,12.05714286,,,,,,,,,0,,
100756,Working,-1717.927714,-2828.342286,544.8425714,1,-24.05714286,,,,,,,,,0,,
100757,Non-working,-2374.664286,-2143.49,-2270.732857,0,33.02857143,,,,108491,0,67142,No,5,0,,
100758,Non-working,36867.39943,-1569.007714,477.0254286,0,9.085714286,,4933.29,Yes,,,,,7,0,,
100759,Student,25812.71029,4176.611714,-128.8148571,0,-2.4,,,,,,,,,0,,
100760,Unknown,55237.19857,933.2854286,-185.3245714,0,14.17142857,,,,238075,119,159942,Yes,,0,,
100761,Working,236.2251429,-874.6811429,713.7317143,0,8.714285714,,,,,,,,2,0,,
100762,Working,107566.162,6014.673714,5091.035143,0,25.94285714,,,,,,,,,0,,
100763,Working,-714.722,-453.1,-1184.203714,0,13.11428571,,2507.21,Yes,,,,,,0,,
100764,Unknown,-1553.439714,-614.9268571,-1773.576,0,30.4,,,,,,,,,0,,
100765,Student,-1858.925143,-95.71571429,-615.6825714,0,-10.77142857,,,,,,,,,0,,
100766,Unknown,46324.26457,5336.186286,3604.932571,0,35.02857143,,,,,,,,4,1,,
100767,Working,1647.713143,2167.912,3794.006857,0,-29.02857143,,,,,,,,,0,,
100768,Student,3569.210571,2214.892,-1508.746,0,-34.28571429,,,,,,,,,0,,
100769,Student,2864.937143,897.2594286,1207.527429,0,0.771428571,,,,36966,0,41883,Yes,7,0,,
100770,Unknown,1513.568,-1855.955714,-802.4977143,0,30.22857143,,,,78531,84.88,55560,Yes,11,,,
100771,Non-working,-142.2882857,-884.6291429,2214.081714,1,12.2,4125.99,,No,,,,,3,,,
100772,Retired,4522.355429,8273.074,6656.724,0,-11.82857143,,,,86121,0,26838,Yes,,0,,
100773,Non-working,1624.300857,-3072.568857,1547.291143,0,-16.71428571,,,,,,,,,,,
100774,Retired,323.2751429,1590.656571,1781.458,0,-3.085714286,,,,,,,,8,0,,
100775,Unknown,-2437.350286,-1199.334571,2245.951429,1,-7.857142857,,,,,,,,,,,
100776,Retired,-1606.355429,-870.1685714,528.3497143,1,-3.342857143,,,,16644,0,42341,Yes,,0,,
100777,Unknown,810.9191429,153.3977143,222.0542857,0,-6.2,,,,132942,0,127587,No,,0,,
100778,Unknown,289.8114286,-170.4065714,1088.995714,0,-10.08571429,,3947.66,No,184091,48.5,165517,Yes,,0,,
100779,Student,1099.624286,-1013.461714,-2028.894,0,-13.74285714,,,,,,,,,0,,
100780,Working,61595.844,2232.392571,748.3077143,0,2,,,,16199,27.58,82263,No,,0,,
100781,Retired,-5946.831714,-1971.780857,-342.2085714,0,27.2,,,,,,,,,0,,
100783,Student,27197.54171,5546.720857,3865.323714,0,-15.2,,,,,,,,4,0,,
100784,Non-working,-1405.054,1475.072571,-4213.858,0,13.88571429,,,,454997,147.66,348520,Yes,1,0,,
100785,Retired,8443.208286,-907.426,-2939.328857,0,10.28571429,,,,,,,,,0,,
100786,Student,51811.596,299.7511429,-1628.566286,0,0.057142857,,,,,,,,1,3,,
100787,Working,-3871.776286,1609.587429,4031.638,1,7.714285714,,,,,,,,5,0,,
100788,Student,-692.5957143,-1256.997714,-3338.596857,0,-9.314285714,,,,,,,,,4,,
100789,Retired,-3067.284286,-1917.394,-2227.867143,0,-15,,,,,,,,,0,,
100790,Working,12112.72686,-351.3488571,340.7077143,0,-12.62857143,,,,256787,68.97,220774,No,,0,,
100791,Unknown,-216.838,-145.4257143,2746.375714,1,-11.08571429,,,,17958,62.12,83052,No,5,0,1335.92,164.11
100792,Non-working,216.2022857,-2411.270857,-1334.686286,0,-16.17142857,,3687.27,No,,,,,,0,,
100793,Unknown,60804.54714,5090.013429,4445.259714,0,-20.05714286,,,,,,,,,0,,
100794,Working,-339.1957143,1331.819429,822.7202857,1,31.2,,,,190728,124.54,121537,Yes,5,0,,
100795,Student,1827.128857,-1433.354857,-730.1185714,0,-20.14285714,4737.92,,Yes,2614,79.73,67738,No,,,,
100796,Retired,4912.258286,1822.034286,985.4531429,0,-4.342857143,,,,29563,46.56,37324,Yes,,0,,
100797,Non-working,5804.661429,2025.030571,1696.868286,0,-21.68571429,,,,,,,,1,6,,
100798,Retired,6146.795429,2134.685714,1647.114,0,13.48571429,,,,132141,111.84,42427,No,,0,,
100799,Retired,7242.747143,2021.047143,-238.7934286,0,-20.74285714,,,,63563,0,7721,No,,6,,
100800,Retired,61099.67514,6560.366,4606.553143,0,-1.8,,,,26597,114.9,161327,No,,,,
100801,Retired,3668.760308,7171.682213,8420.57705,0,-14.22857143,,,,,,,,,0,,
100802,Student,9853.978742,2759.84347,8743.000164,0,-17.62857143,,,,,,,,,6,,
100803,Student,8305.223391,6759.437711,5640.411705,0,-1.885714286,,,,41583,0,92514,No,,0,,
100804,Non-working,10569.11647,857.9963536,3887.65565,0,-5.028571429,,,,28578,28.56,82063,No,,0,,
100805,Non-working,5086.226836,-800.1699798,-1216.540146,0,34.74285714,4627.11,,No,74724,58.04,80778,No,,0,,
100806,Working,1392.934777,7592.122555,4725.64023,0,7.371428571,,,,,,,,,0,,
100807,Unknown,6090.166092,10236.30914,-226.8560824,0,-20.17142857,,,,97775,0,31950,Yes,,0,,
100808,Student,4131.304212,3216.284146,9303.625424,0,4.342857143,,,,,,,,,0,,
100809,Working,9588.247072,717.3855001,11525.01573,0,-44.31428571,,,,104805,97.33,118263,No,,5,,
100810,Non-working,11482.1,-1454.380961,11972.25766,0,-11.4,,,,170656,45.9,219605,No,,0,,
100811,Non-working,4376.368544,7040.972185,709.6128569,0,-4.542857143,,,,32245,0,1530,No,,,,
100812,Working,8021.023481,8100.297372,3034.600432,0,-10.82857143,,,,,,,,,0,,
100813,Unknown,8511.792092,10334.8304,5956.99319,0,-9.485714286,,,,,,,,,2,,
100814,Retired,297.242741,3553.17498,4711.766799,0,-28.8,,,,,,,,,0,,
100815,Working,-281.8343915,6126.393401,6574.72801,1,-40.34285714,,,,62693,87.32,31481,Yes,,0,,
100816,Unknown,205.9636712,7686.323357,964.1201252,0,4.742857143,,,,,,,,8,0,,
100817,Student,4288.469077,9951.626556,9683.545942,0,-12.74285714,,,,55625,46.27,129083,Yes,,0,,
100818,Non-working,5608.724037,5651.19399,2721.315583,0,16.6,,,,,,,,,,,
100819,Retired,10331.54146,-396.0308715,-200.8133666,0,10.97142857,4209.41,,No,,,,,,0,,
100820,Student,5181.255206,3630.295575,10602.98391,0,11.62857143,,,,,,,,,0,,
100821,Student,2289.163176,2271.848628,9973.214395,0,24.34285714,,,,,,,,,0,,
100822,Working,11145.97146,5511.281139,870.6986544,0,-21.22857143,,,,,,,,,0,,
100823,Retired,11308.74175,6520.154401,8843.493274,0,-1.485714286,,,,,,,,,0,,
100824,Retired,4878.822347,4863.176426,5744.62594,0,19.34285714,,,,84582,0,67009,No,,0,,
100825,Unknown,8760.485661,11364.39625,1811.354746,0,-7.028571429,,,,180761,67.92,157091,Yes,,0,,
100826,Non-working,4857.790318,4938.300371,513.1746455,0,16.22857143,,,,,,,,,0,,
100827,Student,5698.362303,10573.77923,7338.965436,0,19.22857143,,,,54756,0,93029,No,,6,,
100828,Retired,5832.510144,7570.457546,2740.599794,0,-23.8,,,,125709,45.35,150638,Yes,,2,1510.55,3021.1
100831,Non-working,8735.310293,592.0058681,2766.497969,0,-34.57142857,,,,16607,68.83,7146,Yes,,0,,
100832,Retired,11761.30378,8231.175778,9689.721663,0,34.8,,,,7709,56.51,113120,No,,,,
100833,Student,56.05168975,2795.835517,9501.234027,0,0.142857143,,,,,,,,,0,,
100834,Unknown,6687.721484,5202.955596,2461.070899,0,-31.42857143,,,,,,,,,,,
100835,Unknown,2849.788214,9801.558048,10617.55164,0,-20.71428571,,,,,,,,,0,,
100836,Non-working,-129.842078,11992.16664,4940.599557,1,-17.02857143,,,,86514,113.24,96222,No,,0,489.91,489.91
100837,Student,620.4223103,5129.689366,7862.208853,0,3.228571429,,,,29358,0,64859,Yes,,0,,
100838,Retired,1620.454157,6134.978089,9514.27669,0,0.142857143,,,,156918,195.07,95010,No,,0,1772.2,1772.2
100839,Student,-564.411741,669.1414588,-619.9569305,0,-3.542857143,,,,77783,0,73767,No,,0,,
100840,Unknown,1956.20799,10016.77247,11936.03665,0,27.54285714,,,,,,,,,0,1481.99,4532.62
100841,Retired,4127.048046,-16.61324161,5358.217453,0,-32.25714286,,,,,,,,,0,,
100842,Non-working,2015.780207,5867.842169,-658.5315002,0,6.514285714,,,,223233,63.53,230071,Yes,,,,
100843,Retired,-1369.421897,-128.8363674,8612.083238,1,-2.914285714,,,,261135,93.75,197075,Yes,,0,978.95,1694.76
100844,Working,7148.686458,-962.7959469,-41.03991135,0,-17.05714286,,,,50413,65.96,19170,Yes,,0,,
100845,Unknown,2396.984934,2884.36401,11009.72686,0,-45.94285714,,,,,,,,,0,489.91,2353.46
100846,Unknown,9759.994893,807.9292842,8631.894468,0,-33.51428571,,,,,,,,,0,,
100847,Non-working,9760.950463,5152.095189,11244.41724,0,2.314285714,,,,50413,75.01,19170,Yes,,0,,
100848,Student,322.6343107,11401.7002,10462.10568,0,-21.91428571,,,,,,,,,4,3451.82,1503.18
100849,Working,4833.352688,-29.31970472,6679.469189,0,14.65714286,,,,,,,,,0,,
100850,Non-working,-1024.182704,11825.71258,10262.81349,1,-7.114285714,,,,,,,,,0,564.85,2302.46
100851,Non-working,898.3947347,7839.211813,-1484.585701,0,-27.68571429,,,,,,,,,6,,
100852,Student,5670.986708,6967.399615,9523.307357,0,-6.571428571,,,,,,,,,3,,
100853,Non-working,4296.647065,7795.843135,5003.220276,0,10.82857143,,,,,,,,,4,,
100854,Retired,-661.5149362,8739.903129,-48.40102124,0,-7.771428571,,,,,,,,,0,,
100855,Non-working,9011.822488,1787.292454,4588.855249,0,0.057142857,,,,55625,82.64,129083,Yes,,0,,
100856,Working,-400.1865652,7100.499094,5473.788275,1,2.057142857,,,,,,,,,0,1031.96,1031.96
100857,Working,1582.026755,3326.570027,3676.943057,0,-1,,,,16199,73.2,82263,No,,0,,
100858,Working,1328.651211,3607.107533,8122.827314,0,2.314285714,,,,54343,61.14,45068,Yes,,0,1388.05,2776.1
100859,Working,-1004.728405,5131.486915,5295.075232,1,10.85714286,,,,,,,,,0,,
100860,Student,9122.922015,3183.693231,7741.915808,0,16.45714286,,,,,,,,,0,,
100861,Non-working,7337.755572,355.5741987,5569.274988,0,5.457142857,3028.04,,No,,,,,,0,,
100862,Retired,11241.98858,7147.482916,-592.373893,0,0.342857143,,,,,,,,1,0,1376.07,1376.07
100863,Working,7065.010697,4857.234553,9599.295794,0,-12.05714286,,,,36966,0,41883,Yes,,0,,
100864,Non-working,-465.2280569,-583.538657,8584.633731,1,-8.228571429,,,,174584,60.61,159167,No,,0,,
100865,Working,8905.83479,7018.870111,2797.198769,0,7.8,,,,167650,73.49,150635,Yes,,0,,
100866,Retired,2759.251065,911.2393782,3037.597185,0,-19.02857143,,,,,,,,3,0,,
100867,Non-working,1201.845236,1756.074355,6417.683853,0,2.685714286,,,,,,,,,,,
100868,Retired,5770.427645,8811.700805,9586.154815,0,34.14285714,,4108.67,Yes,,,,,,0,,
100869,Unknown,1249.809315,5607.853405,5759.743542,0,-11.77142857,,,,,,,,,0,,
100870,Non-working,1534.658442,11477.56029,2420.763057,0,4.685714286,,,,,,,,1,,,
100871,Non-working,1560.485987,1644.352193,7577.1364,0,30.28571429,3574.92,,Yes,,,,,,,,
100872,Unknown,11648.75932,6215.534087,10690.94104,0,-9.714285714,,,,,,,,,0,,
100873,Working,-1091.215036,1013.990583,7544.700873,1,24.71428571,,,,,,,,,0,,
100874,Working,6390.743744,-374.512218,7038.877508,0,-27.85714286,,,,,,,,,0,,
100875,Unknown,11039.05152,8983.657299,9540.64639,0,2.885714286,,,,65885,0,13948,Yes,,0,2453.43,2453.43
100876,Retired,2396.485906,11806.65465,6873.656751,0,11.94285714,,,,106275,55.02,51035,Yes,,0,,
100877,Non-working,613.4899795,9558.704998,11255.49465,0,11.74285714,,,,,,,,,0,,
100878,Student,-1348.649645,5668.187681,4175.779048,1,-11.85714286,,,,55228,0,44277,Yes,,0,,
100879,Retired,246.9014149,4481.626561,-540.9600515,0,-28.42857143,,,,,,,,,2,3879.02,1939.51
100880,Retired,8733.59935,1178.615581,11560.48397,0,-26.14285714,,,,,,,,,0,,
100881,Non-working,107.5774711,8120.376167,5578.881729,0,10.11428571,,4932.29,No,,,,,,0,,
100882,Student,3373.636968,-1368.424005,5966.564481,0,-36.37142857,,,,49271,133.92,16580,Yes,,0,,
100883,Retired,11169.90614,4247.097884,7871.049672,0,3.885714286,,,,,,,,,0,,
100884,Retired,2712.189484,9018.143876,621.9329914,0,3.8,,,,,,,,4,0,,
100885,Student,2486.915946,11846.29936,-34.69646717,0,-20.68571429,,,,104805,123.1,118263,No,,0,,
100886,Working,3168.778731,7194.947129,4238.742717,0,-17.94285714,,,,,,,,,0,,
100887,Retired,4154.788786,7717.444646,1911.526601,0,14.17142857,,,,,,,,,,,
100888,Unknown,11157.44134,9855.214546,3316.420833,0,4.571428571,,,,,,,,9,0,,
100889,Retired,2112.767273,9396.080224,1165.244748,0,5.4,,,,55878,0,48406,Yes,2,,,
100890,Student,573.8264085,5588.295256,3549.896247,0,-4.628571429,,,,62240,77.3,142316,Yes,,0,,
100891,Student,3679.536651,931.9595785,5154.804473,0,11.85714286,,,,,,,,,0,,
100892,Unknown,623.7377315,9962.617876,59.60837203,0,-6.571428571,,,,,,,,,0,,
100893,Non-working,9266.808849,8139.337998,2800.744229,0,-5.342857143,,,,,,,,,0,,
100894,Retired,8311.71782,3778.990208,3808.9921,0,-9.2,,,,98124,133.47,119817,Yes,,0,,
100895,Student,4908.402393,-692.7568919,7537.77371,0,6.771428571,,,,,,,,,0,,
100896,Non-working,11108.96277,10833.82326,8165.05033,0,-13.77142857,,,,54899,0,122656,No,,0,,
100897,Working,-389.4481647,4697.743202,5696.946091,1,-18.71428571,,,,,,,,,0,,
100898,Retired,8530.570998,9228.533164,8022.638373,0,0.685714286,,,,,,,,,0,1167.46,2334.92
100899,Working,1291.872502,5402.296258,4620.612057,0,36.6,3849.15,,No,45896,52.12,12020,No,,0,510.99,164.2
100900,Student,629.36046,-1379.738896,7649.697623,0,-39.34285714,,,,,,,,,0,,
100901,Non-working,292.8695221,1637.466257,11880.40848,0,3.714285714,3867.93,,Yes,,,,,,0,3122.39,7536.76
100902,Working,10931.82065,4892.924046,4622.459491,0,-16.62857143,,,,,,,,,0,,
100903,Working,-813.5391057,4138.670515,8636.346818,1,4.914285714,,,,,,,,,0,538.84,728.28
100904,Non-working,3739.144885,10835.49648,1228.045054,0,6.2,,,,55625,60.77,129083,No,,,,
100905,Working,6411.752215,2534.892406,9103.64673,0,7.771428571,,,,17958,38.07,83052,Yes,,6,,
100906,Working,-302.7523628,621.5421562,11902.3679,1,19.31428571,,2686.47,No,,,,,,3,1911.24,955.62
100907,Non-working,8273.130842,6640.221432,9791.701064,0,-18.97142857,,,,,,,,,0,,
100908,Non-working,3398.631089,5569.409138,10654.38,0,-16.65714286,,,,,,,,,0,4838.46,9125.68
100909,Student,9527.059352,3695.152945,1954.308095,0,-9.971428571,,,,,,,,,,,
100910,Unknown,6948.364045,-204.371216,1834.819936,0,11.54285714,,,,103922,0,36326,Yes,,0,,
100911,Working,8014.565764,3236.006631,1196.354705,0,-22.31428571,,,,92853,0,58332,Yes,3,0,,
100912,Working,1628.290227,7609.771756,7927.773198,0,22.88571429,,,,,,,,,0,,
100913,Working,6123.417578,-1390.624943,9717.741828,0,-22.45714286,,,,,,,,,0,,
100914,Unknown,2370.179774,6837.653002,3654.104511,0,-14.74285714,,,,179635,136.22,149523,Yes,,0,,
100915,Student,7715.69549,5316.854294,1920.625248,0,-17.85714286,,,,92853,0,58332,No,5,,,
100916,Unknown,6092.278549,11819.31957,8976.045107,0,-2.542857143,,,,106412,119.62,172389,No,,0,,
100917,Working,1794.21613,8638.758289,9663.363402,0,11.54285714,,,,,,,,,0,,
100918,Student,8498.357669,3506.67551,-280.941479,0,-3.971428571,,,,,,,,,0,,
100919,Student,7053.826097,5929.572137,5124.612179,0,-33.11428571,,,,27536,35.33,9128,No,,0,,
100920,Unknown,11108.60201,-1402.692919,4551.907804,0,-42.65714286,,,,,,,,,0,,
100921,Non-working,1855.342971,4970.509527,6390.439426,0,5.085714286,,,,,,,,,0,,
100922,Retired,-1490.199952,-821.0372235,6232.756222,1,-15.02857143,,,,,,,,,0,,
100923,Non-working,9165.844658,4399.929046,10692.5626,0,-6.257142857,,,,27536,40.68,9128,Yes,,0,,
100924,Retired,6222.491838,-380.7442465,10062.5168,0,-7.771428571,,,,,,,,,0,649.2,324.6
100925,Unknown,-572.73149,1409.188968,7682.973195,1,-9.8,,,,,,,,,0,883.02,1766.04
100926,Retired,8247.268836,15.1054101,4511.271322,0,-5.514285714,,,,36966,0,41883,Yes,,0,,
100927,Unknown,3430.620845,5885.837033,4693.076675,0,-4.114285714,,,,,,,,,0,,
100928,Unknown,6813.608598,480.7606331,4141.932439,0,5.228571429,,,,,,,,,0,,
100933,Student,3010.55124,-178.1922745,9817.22065,0,-25.22857143,,,,,,,,,0,97.37,97.37
100934,Non-working,5058.174035,10322.97852,2130.315713,0,38.34285714,,,,3928,66.14,44565,Yes,,,,
100935,Retired,1356.775559,5412.113294,5786.88025,0,5.542857143,,,,,,,,,5,2280.22,1140.11
100936,Student,7978.90899,11626.66989,5229.101218,0,2.485714286,,,,137832,62.2,94309,Yes,,0,,
100937,Working,3436.475492,7295.882793,8513.818104,0,-22.22857143,,,,,,,,,0,,
100938,Student,-298.7814611,3802.689902,3396.07414,1,4.514285714,,4484.04,No,,,,,,0,,
100939,Retired,2051.134312,1708.10226,487.565795,0,-11.91428571,,4705.22,Yes,,,,,,0,,
100940,Working,9642.73425,-1165.545396,8679.744614,0,16.57142857,,,,,,,,,0,,
100941,Unknown,6745.132105,5699.069175,2605.284231,0,-8.771428571,,,,,,,,,,,
100942,Non-working,-491.3033095,1528.231789,11803.77424,1,-4.571428571,,,,,,,,,2,,
100943,Unknown,6321.555072,697.8015746,3207.228858,0,21.11428571,,,,58834,40.38,94785,No,,0,3863.44,1931.72
100944,Working,500.1381134,816.6083364,9533.923038,0,-10.48571429,,,,149593,91.71,165194,Yes,,0,1917.47,3834.94
100945,Student,2562.39648,4025.278527,9394.766433,0,-10.28571429,,,,55878,0,48406,No,,0,,
100946,Retired,4911.067336,-1365.478297,1866.566917,0,-34.77142857,,,,,,,,,0,,
100947,Non-working,10828.08168,6265.199702,10476.2938,0,-8.828571429,3016.85,,Yes,,,,,,0,,
100948,Retired,4417.999677,-39.71407411,5574.818484,0,5.742857143,,,,130925,123.94,171515,No,,4,,
100949,Retired,9831.055739,8665.94612,8724.087579,0,-13.51428571,,,,,,,,,0,,
100950,Retired,11723.60065,-1298.187356,7240.838298,0,3.885714286,,,,112197,56.15,65977,No,,6,699.6,699.6
100951,Retired,2325.167709,8890.659091,10289.5256,0,19.57142857,,,,,,,,,6,1213.35,1213.35
100952,Student,7744.91687,-1111.522474,7664.816425,0,27.42857143,,,,,,,,,0,,
100953,Student,11080.73242,8989.868922,4505.19989,0,22.51428571,,4678.6,Yes,,,,,,0,,
100954,Non-working,3052.560763,6863.666436,2470.141437,0,20.11428571,,,,38042,0,84083,No,,,,
100955,Non-working,7979.231499,-580.5672724,11637.70997,0,-9.171428571,,,,,,,,,0,,
100956,Working,433.9703512,3081.814407,6976.265633,0,-26.4,,,,,,,,,0,,
100957,Unknown,351.7925779,1513.683762,9824.220656,0,-9.714285714,,,,31591,68.44,75097,Yes,,0,,
100958,Student,2085.225491,7616.874234,8194.983022,0,18.22857143,,,,,,,,,0,,
100959,Working,9767.305298,8452.442275,-924.6892068,0,3.742857143,,,,,,,,,,,
100960,Non-working,4604.986468,9986.962365,-584.3685405,0,12.11428571,,,,,,,,,0,1713.43,1713.43
100961,Non-working,4497.967335,583.1533529,5930.381853,0,-12.51428571,,,,93054,0,46956,Yes,,0,,
100962,Working,8033.119799,8733.592645,1849.979563,0,-11.08571429,,,,49932,71.28,23250,Yes,,0,,
100966,Unknown,3442.150603,5554.377192,-932.1119598,0,-7.828571429,,,,,,,,,,,
100967,Student,8884.519258,9285.852955,-666.3528225,0,-19.77142857,,,,,,,,,,,
100968,Non-working,-732.7380886,7673.24648,1948.092302,1,-10.45714286,,,,24601,114.71,125487,Yes,1,,,
100969,Retired,7379.577409,10665.06294,4578.368985,0,20.22857143,,,,17066,0,51882,Yes,,0,,
100970,Student,8728.815379,8279.776646,1275.56798,0,-24.34285714,,,,,,,,,0,,
100971,Student,754.6172806,10998.34302,-540.5372791,0,-28.2,,,,3928,32.5,44565,No,,0,,
100972,Working,9305.557427,1819.056616,11367.81709,0,9.2,,,,,,,,,0,843.57,550.02
100973,Retired,2502.478081,4041.2159,2645.905104,0,14.97142857,,,,180761,50.29,157091,Yes,4,,,
100974,Retired,6238.959157,10022.37569,5368.533274,0,10.08571429,,,,204217,157.88,129108,No,,0,,
100975,Unknown,7461.734882,10344.28527,10282.02539,0,26.11428571,,,,,,,,,0,,
100976,Non-working,2664.593824,7350.153376,5477.641238,0,16.25714286,,,,66287,0,137770,No,,5,,
100977,Student,4692.319625,3607.711917,725.9392894,0,-8,,,,,,,,3,0,,
100978,Retired,5254.29924,-243.5785277,9361.793065,0,43.4,,,,3744,0,73948,Yes,,0,,
100979,Unknown,2135.542872,-265.9011678,10244.86658,0,17.54285714,,,,,,,,,0,,
100980,Non-working,2855.113941,771.8612983,1875.157112,0,34.85714286,,,,,,,,11,0,,
100981,Non-working,-405.3010609,4527.890026,-948.0010491,0,-6.857142857,,,,,,,,,,,
100982,Retired,11295.57674,9409.795034,5817.116158,0,-2.8,,,,257981,179.93,329379,No,,0,1516.98,3234.36
100983,Student,93.85874133,7281.543475,11004.21015,0,22.37142857,,,,83417,95.3,108845,Yes,,,,
100984,Unknown,6143.38831,7334.126721,10450.84478,0,-23.05714286,,,,,,,,,0,1178.42,3535.26
100985,Unknown,9967.557791,1314.735106,8062.389418,0,17.57142857,4342.23,,Yes,108491,0,67142,No,,0,773.84,1487.14
100986,Non-working,974.9318753,-669.1954182,1309.10043,0,-16.28571429,,,,36594,0,1122,No,1,5,,
100987,Student,-1016.640687,4331.449041,4392.601619,1,15,,,,,,,,,0,,
100988,Retired,11560.22649,5963.278005,3069.472338,0,-21.6,,,,8554,0,12042,Yes,4,,,
100989,Student,9476.973378,-831.8160858,11838.18048,0,-2.085714286,,,,,,,,,0,,
100990,Unknown,597.3800887,2054.841752,3348.587648,0,-24.77142857,,,,182800,81.54,215448,No,,0,,
100991,Retired,949.0135992,8386.212534,2127.30133,0,-1.885714286,,,,36594,0,1122,Yes,1,,,
100992,Non-working,4889.586773,5050.134941,7055.925565,0,-0.257142857,,,,,,,,,0,,
100993,Retired,6282.883187,4105.651578,5889.362323,0,-18,,,,,,,,,0,,
100994,Working,5073.995978,2470.724643,1925.288986,0,1.714285714,,,,,,,,1,,,
100995,Unknown,3012.611352,7884.463462,8721.801852,0,-2.2,,3522.43,No,88609,0,106753,Yes,,0,,
100996,Unknown,3876.055422,3843.369073,3386.86114,0,15.22857143,,,,,,,,2,0,,
100999,Working,6470.255502,8616.381543,10429.3649,0,15.6,,,,,,,,,0,1436.62,1436.62
101000,Non-working,4514.255274,7149.252479,8323.732738,0,-1,,,,,,,,,0,,
101001,Non-working,5396.683009,5064.147492,4637.057981,0,-5.457142857,,,,,,,,,0,,
101002,Student,10493.49493,3314.310092,5292.754174,0,3.4,,,,,,,,,0,,
101003,Non-working,3188.523744,6045.575661,7920.291244,0,-8.342857143,5670.04,,No,2614,69.73,67738,Yes,,0,1299.68,649.84
101004,Retired,8632.011137,1390.433584,8677.379502,0,-28.28571429,,,,49932,55.46,23250,No,,1,,
101005,Non-working,6635.988291,7783.886494,7008.465476,0,-26.4,,,,,,,,,0,,
101006,Working,7463.951187,6430.067577,4079.967946,0,-25.14285714,,,,,,,,,0,1956.47,1650.93
101007,Working,11377.56768,440.0830135,1980.345308,0,-10.77142857,,,,,,,,,,,
101008,Working,6194.250034,4336.522777,-1071.172616,0,7.571428571,,,,158874,83.55,125765,No,10,,,
101009,Working,10896.97088,1646.212091,5579.29258,0,38.22857143,,2096.92,Yes,,,,,,0,,
101010,Student,2782.026375,1796.456908,7315.582786,0,9.542857143,,,,,,,,,3,,
101011,Non-working,819.1223997,9230.904423,8388.846748,0,43.48571429,,5029.1,No,,,,,,0,,
101012,Retired,1234.228723,1900.809919,5747.268542,0,-9.885714286,4188.93,,No,,,,,,0,,
101013,Working,9845.614515,423.8585506,7316.368765,0,-41.68571429,,,,106652,58.26,69346,No,,0,,
101014,Non-working,1443.015355,10679.57092,209.7578646,0,-19.97142857,,,,87012,77.21,5919,No,,0,,
101015,Working,-1229.559721,-1240.732454,1642.534753,1,-42.17142857,,,,,,,,,0,,
101016,Retired,11959.55131,5837.742403,10602.15514,0,36.94285714,,,,121931,97.81,176831,Yes,,0,3162.78,4437.97
101017,Non-working,9281.295854,9490.968037,4119.92536,0,0.771428571,,,,,,,,,0,,
101018,Retired,7425.280407,-1339.162,2301.011684,0,-18,,,,,,,,,,,
101019,Unknown,3463.887003,2299.399276,2472.085094,0,20.51428571,,,,,,,,,,,
101020,Non-working,-878.8646846,220.2667394,3937.711222,1,-12.82857143,5545.42,,No,177587,117.35,142752,Yes,,6,,
101021,Non-working,9508.44333,735.659679,11779.35345,0,15.11428571,,,,56454,0,63117,No,,6,,
101022,Unknown,3584.807723,6065.165074,-1414.2282,0,0.742857143,,,,,,,,,0,,
101023,Working,4975.213653,377.8895338,2802.624072,0,2.114285714,,,,65885,0,13948,No,,0,,
101024,Working,3992.436621,3865.214548,10899.11989,0,27.68571429,,,,,,,,,0,,
101025,Unknown,6219.863619,5742.750131,6067.144444,0,3.2,,,,74538,0,87105,Yes,,0,,
101026,Retired,630.2273414,2578.493679,322.4946554,0,20.31428571,,,,,,,,,0,,
101027,Non-working,10284.44692,-561.8930684,2300.482719,0,-14,,,,,,,,,,,
101028,Student,2551.519219,2558.156315,-998.2830622,0,-4.571428571,,,,,,,,,,,
101029,Retired,6052.275196,4289.251179,-1335.08715,0,5.314285714,,,,,,,,,0,,
101030,Retired,9986.076478,1792.269056,2221.798682,0,22.28571429,,,,130925,65.28,171515,Yes,2,,,
101031,Non-working,3015.764108,226.4748658,10721.35679,0,-1.085714286,,,,,,,,,0,3047.98,1276.41
101032,Student,431.7608529,3380.087344,11907.3292,0,-23.37142857,,,,,,,,,0,,
101033,Retired,6319.745081,3006.745147,10340.39875,0,5.742857143,,,,9608,83.6,95140,No,,,,
101034,Retired,6000.278776,122.9506418,9565.855878,0,49.71428571,,,,92853,0,58332,Yes,,0,1581.35,3109.65
101039,Retired,7.652781944,4719.746971,2460.854618,0,33.14285714,,,,87012,84.45,5919,Yes,,,,
101040,Student,8555.673917,8867.976208,84.45407942,0,28.37142857,,,,32245,0,1530,Yes,1,,,
101041,Student,-1267.57448,11298.87811,1995.017644,1,20.22857143,,,,,,,,,,,
101042,Unknown,-1329.147221,2085.680896,8680.852549,1,-6.971428571,,,,,,,,,0,,
101043,Non-working,10355.9969,2901.16561,3237.822622,0,-38.11428571,,,,,,,,,3,1944.94,328.4
101044,Retired,11124.68842,1569.103617,4412.308348,0,-1.2,,,,124194,153.37,24183,No,,0,,
101045,Student,6410.79183,4492.964053,-1366.023495,0,20.08571429,,,,,,,,,0,,
101046,Non-working,8989.372467,7838.533038,2745.433251,0,21.37142857,4146.23,,No,,,,,,0,,
101047,Working,659.0571631,-888.7954998,2615.035439,0,10.28571429,,,,,,,,5,,,
101048,Retired,5122.560015,11556.42284,-1432.387107,0,6.142857143,,,,,,,,3,0,,
101049,Working,3222.209915,6014.772722,8329.578127,0,-4.885714286,,,,,,,,,,,
101050,Student,8406.66764,-1059.498545,1471.781697,0,5.571428571,,,,93054,0,46956,No,,0,,
101051,Non-working,3530.602788,2063.228755,4480.526522,0,-8.028571429,,,,65885,0,13948,No,,0,,
101052,Working,11619.00655,9945.429736,10742.79231,0,-12.74285714,,,,65945,45.66,39740,No,,0,24.84,1427.21
101053,Working,7503.876405,1195.931439,-415.4138572,0,-6.114285714,,,,32245,0,1530,Yes,1,,,
101054,Non-working,-1470.415731,10120.70826,9809.56569,1,17.85714286,,,,,,,,,0,,
101056,Working,2690.249689,709.1091527,5380.439732,0,-3,,,,,,,,,0,,
101057,Non-working,10760.6381,6027.236522,3390.934128,0,-6.314285714,,2593.2,No,,,,,2,0,,
101058,Non-working,11836.85775,5600.418869,8564.366678,0,-33.82857143,,,,101797,53.18,136095,No,,6,,
101059,Student,-437.3336935,4587.29208,11024.52274,1,31.4,,,,,,,,,0,996.9,4352.08
101060,Unknown,6781.495066,9449.438813,2166.860515,0,-32.11428571,,,,,,,,,,,
101061,Working,5569.756075,-888.2249433,8886.297456,0,16.11428571,,,,7482,0,84359,No,,0,,
101062,Working,10057.15509,4698.355506,-0.019574938,0,-1.114285714,,,,,,,,,0,,
101063,Working,2498.049801,8251.205763,11892.14255,0,32.05714286,,,,81967,23.44,138098,No,,0,,
101064,Unknown,2265.012501,4194.630344,7491.162975,0,-32.02857143,,,,,,,,,0,,
101065,Student,10374.38794,1903.167485,351.0001335,0,-11.02857143,,,,97160,38.56,38354,Yes,,0,,
101066,Unknown,-205.5479379,-383.3272416,5069.30818,1,11,4173.47,,Yes,58834,42.72,94785,Yes,,0,,
101067,Working,10321.74733,8969.053582,8382.195141,0,29.22857143,,,,,,,,,0,1767.42,3595.72
101068,Student,1484.13634,2882.59615,9621.974099,0,-21.62857143,,,,,,,,,0,,
101069,Student,-1173.071624,7492.238445,-1345.859326,0,0.657142857,,,,86121,0,26838,Yes,,0,,
101070,Unknown,4494.279999,2991.56192,1301.847728,0,9.4,,,,71887,0,54569,No,10,0,,
101071,Non-working,3191.145958,4585.795506,708.8203959,0,-12.51428571,,,,51109,0,179202,No,,0,,
101072,Retired,6111.200815,11127.4587,1780.075315,0,1.057142857,,,,37242,0,88105,Yes,,0,,
101073,Non-working,6149.99738,5430.363704,9634.371466,0,-13.68571429,,,,77783,0,73767,No,,0,,
101074,Retired,10953.85407,-506.0168621,7757.770609,0,-25.05714286,,,,232385,145.88,204829,No,,0,,
101075,Unknown,7995.965063,1247.980892,4819.693523,0,14.08571429,,,,,,,,,0,,
101076,Retired,2534.981187,2349.929403,8236.524858,0,-7.857142857,,,,,,,,,0,2328.53,4055.35
101077,Unknown,9793.016863,2648.460836,10997.03284,0,34.62857143,,,,,,,,,0,534.71,534.71
101080,Working,3525.486234,998.8981022,-13.3672355,0,-1.485714286,,,,,,,,,0,,
101081,Retired,2909.837201,6408.585822,2520.107523,0,9.428571429,,,,,,,,1,,,
101082,Unknown,-659.8996926,8847.91491,-728.0794581,0,2.8,,,,,,,,4,,,
101083,Student,8852.640783,6398.757901,3415.586487,0,12.6,,,,,,,,3,0,,
101084,Non-working,8356.29406,8666.864634,6098.315288,0,2.257142857,,,,22713,0,85703,Yes,,0,417.51,417.51
101085,Retired,6285.374416,7971.026432,2093.972863,0,-8.142857143,,,,,,,,,,,
101086,Student,7420.340542,767.8509082,9279.338627,0,-3.028571429,,,,,,,,,5,,
101087,Working,7864.701921,10240.91011,5699.332267,0,-35.8,,,,,,,,,0,,
101088,Student,4930.387175,183.4645209,7136.825837,0,15.74285714,,,,116744,69.32,98921,No,,0,,
101089,Retired,2168.58181,9801.036278,-400.6953694,0,-4.485714286,,,,,,,,,0,2366.6,2366.6
101090,Working,4609.122081,10168.2362,1336.559463,0,-2.914285714,,,,,,,,,0,,
101091,Unknown,4530.440666,5394.225608,686.8837894,0,-2.714285714,,,,,,,,,0,,
101092,Non-working,1977.938411,2613.795389,9339.404634,0,29.05714286,,,,330088,174.51,253178,No,,0,211.64,423.28
101093,Unknown,7666.684492,26.51786396,-1217.224396,0,-14.4,,,,29358,0,64859,Yes,,0,,
101094,Working,7254.846315,3262.855735,7294.897742,0,9.571428571,,,,,,,,,0,,
101095,Student,3460.585694,7516.47917,8151.378507,0,21.54285714,,,,139341,92.77,105556,No,,6,,
101096,Retired,7182.377988,-544.7072151,1305.911642,0,38.11428571,,,,,,,,,0,,
101097,Non-working,9547.960155,7406.500718,5738.63292,0,-15.54285714,,,,,,,,,0,,
101098,Retired,9994.30114,-1434.472464,7719.129056,0,13.34285714,,,,,,,,,0,,
101099,Retired,427.2292444,7020.33923,9057.184673,0,20.97142857,2042.34,,Yes,,,,,,0,,
101100,Retired,9217.721176,615.4531916,6919.080167,0,-7.171428571,,,,,,,,,0,,
